WordList
"""10"
"""2008"
""";font-weight:bold}.mw-parser-output"
""";line-height:0}.mw-parser-output"
""";vertical-align:-45%;line-height:0}.mw-parser-output"
"""A"
"""Baldur's"
"""Best"
"""Comrades"
"""D&D"
"""D&D's"
"""Dark"
"""Demon"
"""Drizzt"
"""Dungeons"
"""Forgotten"
"""Hardcover"
"""I"
"""Novel"
"""Novelist"
"""Paperback"
"""ProFiles:"
"""Pyramid:"
"""R.A."
"""Rage"
"""Salvatore,"
"""Sojourn:"
"""Summer"
"""The"
"""Wizards"
"""Worldwide"
"""any"
"""arguably"
"""cool"
"""counter(listitem)""\a0"
"""dudleyville.com"
"""ext.urlShortener.toolbar"",""ext.centralauth.centralautologin"",""mmv.bootstrap"",""ext.popups"",""ext.visualEditor.desktopArticleTarget.init"",""ext.visualEditor.targetLoader"",""ext.echo.centralauth"",""ext.eventLogging"",""ext.wikimediaEvents"",""ext.navigationTiming"",""ext.uls.interface"",""ext.cx.eventlogging.campaigns"",""ext.cx.uls.quick.actions"",""wikibase.client.vector-2022"",""ext.checkUser.clientHints"",""ext.growthExperiments.SuggestedEditSession""];"
"""https://en.wikipedia.org/w/index.php?title=Drizzt_Do%27Urden&oldid=1257001833"""
"""https://en.wikipedia.org/w/index.php?title=Drizzt_Do%27Urden&oldid=1257001833""Categories:Fantasy"
"""iconic"
"""most"
"""not"
"""one"
"""pensively"""
"""platform"",""platformVersion""],""GEHomepageSuggestedEditsEnableTopics"":true,""wgGETopicsMatchModeEnabled"":false,""wgGEStructuredTaskRejectionReasonTextInputEnabled"":false,""wgGELevelingUpEnabledForUser"":false};RLSTATE={""ext.globalCssJs.user.styles"":""ready"",""site.styles"":""ready"",""user.styles"":""ready"",""ext.globalCssJs.user"":""ready"",""user"":""ready"",""user.options"":""loading"",""ext.cite.styles"":""ready"",""skins.vector.search.codex.styles"":""ready"",""skins.vector.styles"":""ready"",""skins.vector.icons"":""ready"",""jquery.makeCollapsible.styles"":""ready"",""ext.wikimediamessages.styles"":""ready"",""ext.visualEditor.desktopArticleTarget.noscript"":""ready"",""ext.uls.interlanguage"":""ready"",""wikibase.client.init"":""ready"",""ext.wikimediaBadges"":""ready""};RLPAGEMODULES=[""ext.cite.ux-enhancements"",""mediawiki.page.media"",""site"",""mediawiki.page.ready"",""jquery.makeCollapsible"",""mediawiki.toc"",""skins.vector.js"",""ext.centralNotice.geoIP"",""ext.centralNotice.startUp"",""ext.gadget.ReferenceTooltips"",""ext.gadget.switcher"","
"""renegade"
"""set"
"""some"
"""super-evil,"
"""the"
"""to"
"""wgMonthNames"":["""",""January"",""February"",""March"",""April"",""May"",""June"",""July"",""August"",""September"",""October"",""November"",""December""],""wgRequestId"":""18048066-630a-400f-b6d2-09b7b68be6ad"",""wgCanonicalNamespace"":"""",""wgCanonicalSpecialPageName"":false,""wgNamespaceNumber"":0,""wgPageName"":""Drizzt_Do'Urden"",""wgTitle"":""Drizzt"
"""wgRelevantPageName"":""Drizzt_Do'Urden"",""wgRelevantArticleId"":401088,""wgIsProbablyEditable"":true,""wgRelevantPageIsProbablyEditable"":true,""wgRestrictionEdit"":[],""wgRestrictionMove"":[""sysop""],""wgNoticeProject"":""wikipedia"",""wgCiteReferencePreviewsActive"":false,""wgFlaggedRevsParams"":{""tags"":{""status"":{""levels"":1}}},""wgMediaViewerOnClick"":true,""wgMediaViewerEnabledByDefault"":true,""wgPopupsFlags"":0,""wgVisualEditor"":{""pageLanguageCode"":""en"",""pageLanguageDir"":""ltr"",""pageVariantFallbacks"":""en""},""wgMFDisplayWikibaseDescriptions"":{""search"":true,""watchlist"":true,""tagline"":false,""nearby"":true},""wgWMESchemaEditAttemptStepOversample"":false,""wgWMEPageLength"":40000,""wgRelatedArticlesCompat"":[],""wgEditSubmitButtonLabelPublish"":true,""wgULSPosition"":""interlanguage"",""wgULSisCompactLinksEnabled"":false,""wgVector2022LanguageInHeader"":true,""wgULSisLanguageSelectorEmpty"":false,""wgWikibaseItemId"":""Q114455"",""wgCheckUserClientHintsHeadersJsApi"":[""brands"",""architecture"",""bitness"",""fullVersionList"",""mobile"",""model"","
"""when"
"""}"
"""}.mw-parser-output"
#1
#2
#3
#36
#4
#6
#7
#9
#a2a9b1;width:100%;clear:both;font-size:88%;text-align:center;padding:1px;margin:1em
#aaa;box-sizing:border-box;padding:10px;font-size:88%;max-width:100%}.mw-parser-output
#fdfdfd}.mw-parser-output
&
'Two
'internal'
"("";font-weight:normal}.mw-parser-output"
"(""counter(listitem)""\a0"
(2002).100
"(2020-08-15).""10"
"(2021-05-20).""D&D's"
"(2021-05-20).""Dungeons"
(27
"(AR4200)"""
"(AR4200)""."
(IGN)
(June
(March
(November
(October
"(PC)"""
"(PC)"".GameSpy."
"(PS2)"""
"(PS2)"".GameSpy."
"(RLQ=window.RLQ||[]).push(function(){mw.config.set({""wgHostname"":""mw-web.eqiad.main-bdfc96b6b-6bqrb"",""wgBackendResponseTime"":139,""wgPageParseReport"":{""limitreport"":{""cputime"":""0.787"",""walltime"":""0.993"",""ppvisitednodes"":{""value"":4150,""limit"":1000000},""postexpandincludesize"":{""value"":151751,""limit"":2097152},""templateargumentsize"":{""value"":3138,""limit"":2097152},""expansiondepth"":{""value"":17,""limit"":100},""expensivefunctioncount"":{""value"":3,""limit"":500},""unstrip-depth"":{""value"":1,""limit"":20},""unstrip-size"":{""value"":204720,""limit"":5000000},""entityaccesscount"":{""value"":1,""limit"":400},""timingprofile"":[""100.00%"
"(RLQ=window.RLQ||[]).push(function(){mw.loader.impl(function(){return[""user.options@12s5i"",function($,jQuery,require,module){mw.user.tokens.set({""patrolToken"":""+\\"",""watchToken"":""+\\"",""csrfToken"":""+\\""});"
"(TSR,"
(Top)
(Top)1Concept
(UTC)
(Wizards
(a
(for
(function(){var
(genre)
(including
(max-width:640px){.mw-parser-output
(mind
(prefers-color-scheme:dark){html.skin-theme-clientpref-os
"(well,"
")'+pref.replace(/-clientpref-\w+$|[^\w-]+/g,'')+'-clientpref-\\w+("
)enwikimwclientpreferences=([^;]+)/);if(cookie){cookie[1].split('%2C').forEach(function(pref){className=className.replace(new
-
"-total"","""
.
.8em
.8em!important;float:none!important}}
.center-aligned{text-align:center}.mw-parser-output
.citation
".citation:target{background-color:rgba(0,127,255,0.133)}.mw-parser-output"
.cs1-code{color:inherit;background:inherit;border:none;padding:inherit}.mw-parser-output
.cs1-format{font-size:95%}html.skin-theme-clientpref-night
".cs1-hidden-error{display:none;color:var(--color-error,#d33)}.mw-parser-output"
.cs1-kern-left{padding-left:0.2em}.mw-parser-output
.cs1-kern-right{padding-right:0.2em}.mw-parser-output
.cs1-maint{color:#18911f}}
.cs1-maint{color:#18911f}}@media
.cs1-maint{display:none;color:#085;margin-left:0.3em}.mw-parser-output
".cs1-visible-error{color:var(--color-error,#d33)}.mw-parser-output"
.cs1-ws-icon
.hatnote
.hatnote+link+.hatnote{margin-top:-0.5em}@media
.hatnote{display:none!important}}
.hatnote{font-style:italic}.mw-parser-output
.hlist
.hlist.inline
".hlist.inline,.mw-parser-output"
.ib-character
.ib-character{border-spacing:2px
.id-lock-free
.id-lock-free.id-lock-free
.id-lock-limited
.id-lock-limited.id-lock-limited
.id-lock-registration
.id-lock-registration.id-lock-registration
.id-lock-subscription
.id-lock-subscription.id-lock-subscription
.infobox
.infobox-3cols-child{margin:auto}.mw-parser-output
".infobox-above,.mw-parser-output"
".infobox-above,html.skin-theme-clientpref-night"
".infobox-above,html.skin-theme-clientpref-os"
.infobox-full-data:not(.notheme)
.infobox-full-data:not(.notheme)>div:not(.notheme)[style]{background:#1f1f23!important;color:#f8f9fa}}@media
.infobox-header{background-color:#DEDEE2}.mw-parser-output
".infobox-header{background:hsl(240,6%,20%);color:inherit}}"
".infobox-header{background:hsl(240,6%,20%);color:inherit}}@media"
.infobox-image
.infobox-subbox{padding:0;border:none;margin:-3px;width:auto;min-width:100%;font-size:100%;clear:none;float:none;background-color:transparent}.mw-parser-output
.infobox-table
.infobox-table>caption{display:table-caption!important}body.skin--responsive
.infobox-table>tbody{display:table-row-group}body.skin--responsive
.infobox-table{display:table!important}body.skin--responsive
.left-aligned{text-align:left}.mw-parser-output
.mw-empty-li{display:none}.mw-parser-output
.mw-parser-output
.mw-selflink{font-weight:inherit}@media
.navbar
.navbar-boxtext{word-spacing:0}.mw-parser-output
".navbar-brackets::after{margin-left:-0.125em;content:"""
".navbar-brackets::before{margin-right:-0.125em;content:""["
.navbar-collapse{float:left;text-align:left}.mw-parser-output
.navbar-ct-full{font-size:114%;margin:0
.navbar-ct-mini{font-size:114%;margin:0
.navbar-mini
.navbar{display:block;font-size:100%}.mw-parser-output
.navbar{display:inline;font-size:88%;font-weight:normal}.mw-parser-output
.navbar{display:none!important}}
.navbar{float:left;text-align:left;margin-right:0.5em}body.skin--responsive
.navbar{font-size:100%}@media
.navbox
".navbox+.navbox,.mw-parser-output"
.navbox+.navbox-styles+.navbox{margin-top:-1px}.mw-parser-output
".navbox,.mw-parser-output"
".navbox-abovebelow,.mw-parser-output"
.navbox-abovebelow{background-color:#e6e6ff}.mw-parser-output
.navbox-abovebelow{padding:0.25em
.navbox-even{background-color:#f7f7f7}.mw-parser-output
".navbox-group,.mw-parser-output"
.navbox-group{white-space:nowrap;text-align:right}.mw-parser-output
.navbox-image
".navbox-inner,.mw-parser-output"
.navbox-list-with-group{text-align:left;border-left-width:2px;border-left-style:solid}.mw-parser-output
.navbox-list{line-height:1.5em;border-color:#fdfdfd}.mw-parser-output
.navbox-odd{background-color:transparent}.mw-parser-output
.navbox-subgroup
.navbox-subgroup{background-color:#fdfdfd}.mw-parser-output
.navbox-subgroup{width:100%}.mw-parser-output
.navbox-title
".navbox-title,.mw-parser-output"
.navbox-title{background-color:#ccf}.mw-parser-output
.navbox-title{background-color:#ddf}.mw-parser-output
.navbox{box-sizing:border-box;border:1px
.navbox{display:none!important}}
.navbox{margin-top:0}.mw-parser-output
".quote-title,.mw-parser-output"
.quotebox
".quotebox-quote.quoted:after{font-family:""Times"
".quotebox-quote.quoted:before{font-family:""Times"
.quotebox-quote:last-child>:last-child{margin-bottom:0}.mw-parser-output
.quotebox-quote>:first-child{margin-top:0}.mw-parser-output
.quotebox-quote{display:block}.mw-parser-output
.quotebox-title{text-align:center;font-size:110%;font-weight:bold}.mw-parser-output
.quotebox.centered{overflow:hidden;position:relative;margin:.5em
.quotebox.floatleft
.quotebox.floatleft{margin:.5em
.quotebox.floatright
.quotebox.floatright{margin:.5em
.quotebox>blockquote{margin:0;padding:0;border-left:0;font-family:inherit;font-size:inherit}.mw-parser-output
.quotebox{background-color:#F9F9F9;border:1px
.quotebox{width:100%!important;margin:0
.references{font-size:100%;margin-bottom:0;list-style-type:inherit}.mw-parser-output
.reflist
.reflist-columns
.reflist-columns-2{column-width:30em}.mw-parser-output
.reflist-columns-3{column-width:25em}.mw-parser-output
.reflist-columns{margin-top:0.3em}.mw-parser-output
.reflist-lower-alpha{list-style-type:lower-alpha}.mw-parser-output
.reflist-lower-greek{list-style-type:lower-greek}.mw-parser-output
.reflist-lower-roman{list-style-type:lower-roman}
.reflist-upper-alpha{list-style-type:upper-alpha}.mw-parser-output
.reflist-upper-roman{list-style-type:upper-roman}.mw-parser-output
.reflist{font-size:90%}}.mw-parser-output
.reflist{margin-bottom:0.5em;list-style-type:decimal}@media
.right-aligned{text-align:right}.mw-parser-output
/ˈdrɪtstdoʊˈɜːrdɪn/
0
0.1em
0}.mw-parser-output
1
"1,"
1-56308-920-3
1.4em
1.4em}.mw-parser-output
10
100
1033548473
11
"11,"
11.69%
110.992
12
120.
"120.^Huddleston,"
13
13.40%
131.401
14
"14,"
15
"15,"
15.86%
157.631
"16,"
17
17:47(UTC).
17:47(UTC).Text
"18,"
"19,"
19.03%
1987
1988
"1988""],""wgPageViewLanguage"":""en"",""wgPageContentLanguage"":""en"",""wgPageContentModel"":""wikitext"","
1988'sThe
1988Hidden
1989)
"1989)^Donovan,"
"1989,"
1990
"1990"""
"1990"".The"
1990.
"1990.""Paperback"
1990.Sojourn[10]picks
"1991"""
"1991"".The"
1991.
"1991.""Paperback"
"1992"""
"1992"".The"
1992).
1992.
"1992.""Best"
1993
"1993"""
"1993"".The"
1993.
"1993.""Best"
1994
"1994"""
"1994"".The"
1994.
"1994.""Best"
1996
"1996"""
"1996"".The"
1996)
"1996)^Boyd,"
1996.
"1996.""Best"
1998).
1999
1999)
"1999)^Greenwood,"
1Concept
1em
1em;line-height:1.5em;text-align:center}.mw-parser-output
2
"2,"
20
"2001"""
"2001"".The"
2001).
"2001).^""Forgotten"
2001.
"2001.""Best"
"2002"""
"2002"".The"
2002.
"2002.""Best"
"2003"""
"2003"".The"
2003.
"2003.""Best"
2003.[2]Publishers
"2003.^ab""R.A."
2004.
"2004.""Hardcover"
2004.[52]It
"2004.^""D&D"
"2005,Devil's"
"2006).""Sojourn:"
"2007).""Worldwide"
"2007,WorldwideDungeons"
2007.
"2007.""Hardcover"
"2008"""
"2008"".The"
2008-10-17.
2008.
"2008.""Best"
2008ENnies.[38]
2008ENnies.[38]A
"2009"""
"2009"".The"
2009-01-08
2009-01-09
2009-01-12
2009-01-22
2009-02-14.
2009.
"2009.""Best"
"2010"""
"2010"".The"
2010.
"2010.""Best"
2010.[23]The
2011
"2011"""
"2011"".The"
"2011,[24]with"
2011.
"2011.""Best"
2011.Drizzt
"2012"""
"2012"".The"
2012-12-01
2012.
"2012.""Best"
2012.[25]The
"2013"""
"2013"".The"
2013).Watermelon
2013.
"2013.""Best"
2013.[26]
2013.[26]Other
2015.
2016
"2016"",""Articles"
2016.
2016Articles
2017-02-12
2017-12-09
2018).Dungeons
2018.
2020
"2020).""Dungeons"
2020-08-25
2020-12-28
"2021,"
2021-05-20.
2021-05-21
"2022).""Dungeons"
2022-12-01
2023-04-11
"2024,"
20th
210–
"23,"
23rd
"24,"
24th
"24th,"
25
"25,"
25th
"25th,"
"26,"
26th
"26th,"
28
"28,"
"29,"
2Publication
2nd
3
"3"""
"3"".PopMatters."
"3,"
30
"31,"
34
353.347
3Dark
3Other
3rd
4
"4,"
4.0
41
42.66%
4Reception
4em}html.skin-theme-clientpref-night
5
"5,"
"5,210–211.ISBN9780399580949.OCLC1033548473."
"5,210–211.ISBN9780399580949.OCLC1033548473.^""The"
59.513
5References
5px}.mw-parser-output
6
60.202
61.344
"63"""
"63""."
6External
7
"7,"
7.18%
7.27%
7.41%
73.169
"79,"
7em}.mw-parser-output
8
"8,"
8.83%
"80,"
828.371
84.
"84.^ab""The"
9
96.802
9780399580949
9781588381606
:
A
A.
AD&D
"AD&D)"""
"AD&D)"".www.sjgames.com."
AD&D2nd
AI
Abeir-Toril
About
Abyss
According
Acroyear
Action
Actions
ActionsReadEditView
Adult
Advanced
Adventure
Adventurers
Adventures
AdventuresAlignmentAttributeDungeon
Aebrynis
AebrynisAbeir-TorilAthasKrynnEberronMystaraOerthUnderdark
"Aegis-fang,"
After
Against
Age:
Akar
Al-Qadim
Alger
Alias
AliasCatti-brieDrizzt
Alignment
AlignmentChaotic
All
Allen
Allen(October
Alliance
AllianceBaldur's
AllianceSettingForgotten
AllianceandBaldur's
Allianceseries
AllianceseriesBaldur's
Amn
AmnThrone
An
Andrew
Animated
Appearance
AppearanceDonateCreate
Appearancemove
April
April2018
April2018.
"April2018.^""Wizards"
"April2018.^Witwer,"
Aragorn
Arcana
Arcana:
ArcanaHigh-level
Archived
Arms
Arneson
ArnesonKeith
Art
Artemis
Artemis's
Article
ArticleTalk
ArticleTalkEnglish
ArticleTalkEnglishReadEditView
Articles
Artificer
ArtificerBarbarianBardClericDruidFighterMonkPaladinRangerRogueSorcererWarlockWizardList
As
Astarion
AstarionDark
At
Athas
Attribute
Attribution-ShareAlike
August
Australia
Australia.
Authority
Authors
Authors.
Avernus
AvernusDragon
Award
"Awesome"""
"Awesome"".Game"
Bahamut
BahamutCorellon
"Baichtal,"
Baker
BakerDavid
BakerRichard
Baldur's
Barbarian
Bard
Barnes
Barrier
Basic
Basics
BasicsGeneralAdventurers
Battlehammer
"Battlehammer,"
Battleship
Battlesystem
Beamdog
Beginning
Beholders
BeholdersCentaurDevilsDragonsGelatinous
Benedict
Berkshire
Bernard
Best
"Best-Sellers"".Business"
Bestseller
Beyond
BeyondvteBaldur's
Bhaal
BhaalEnhanced
BioWare
BioWareBlack
Biotron
Birthright
BirthrightCouncil
Black
Blackmoor
BlackmoorSavage
Blade
Blade(1998)
Blades
Board
BoardGameGeek.
Book
Books.ISBN9781588381606.
Borderlands
BorderlandsThe
Boyd
"Boyd,"
Bricken
"Bricken,"
Bruce
Bruenor
Bruenor's
"Bruenor,"
Business
Business.
By
CameosCatti-brieDrizzt
Campaign
Campaigns
CampaignsEpic
Candy
Caps
Captain
"Cards,"
Català
CatalàČeštinaDeutschEspañolFrançaisHrvatskiItalianoעבריתMagyarPolskiРусскийSuomiTürkçe中文
CatalàČeštinaDeutschEspañolFrançaisHrvatskiItalianoעבריתMagyarPolskiРусскийSuomiTürkçe中文Edit
Categories
Categories:Fantasy
Category
Catti-Brie
Catti-brie
Catti-brieDrizzt
Cattie-Brie
Cattie-Brie.[6]
Cattie-Brie.[6]Drizzt
Caverns
Centaur
Chaotic
Character
Characters
CharactersAstarionDark
Charlie
Charon's
Chris
Cite
Class
ClassFighter/Ranger
Classes
ClassesArtificerBarbarianBardClericDruidFighterMonkPaladinRangerRogueSorcererWarlockWizardList
Classic
Claw
Clawreached
Clawreleased
Cleric
Coast
"Coast,"
Coast.
Coast:
CoastEnhanced
CoastGrenadier
CoastHollow
CoastNorth.[30]
CoastNorth.[30]Drizzt
Code
Combat
Commons
CommonsWikidata
Community
Companies
CompaniesTSRWizards
Companion
Companions
Complete
Con
ConPopular
Concept
Conduct
ConductDevelopersStatisticsCookie
Contact
Contents
Contentsmove
Contribute
ContributeHelpLearn
Contributions
ContributionsTalk
Controversies
Cook
CookEd
CookMonte
Cookie
Cooperative
Core
Corellon
Council
Create
Created
Creative
Creators
CreatorsGary
Creatures
Crenshinibon
Cryptic
Crystal
Culotta
"Culotta,"
Culotta.Heroes'
Cumberbatch
"Cumberbatch"""
"Cumberbatch"".Gizmodo."
Cumberbatchand
Current
Cyclopedia
CyclopediaSupplementsArms
D&D
D&D3rd
D&Dv3.5ExpandedandComplete
Dale
DaleandPaul
Dalethere.[1]According
Dalewhere
Dark
Darkness
"Darkness,"
"Darkness,[14]describe"
DarknessDeities
Darknessreached
"Darknessseries,The"
Darknessseries.The
Darkwalker
Daryth
Dave
David
Dawn
"Dawn,[15]the"
Dawnreached
Day
"Day"""
"Day"".Wired."
"Dayevent,"
Dead
Death
DeathRokuganSpelljammer
DeathRokuganSpelljammerPlanes
Debrouchee
Debrouchee.
Debuts
Deeds
DeedsBook
Deities
Demigods
DemigodsDraconomiconFiend
Demon
"Demons"""
"Demons""."
Demonweb
Descent
Desert
Desolation
DesolationDragonlanceExpedition
Deudermont
"Deudermont,"
Deutsch
Developers
Devil's
Devils
Disclaimers
Do'Urden
"Do'Urden"",""url"":""https:\/\/en.wikipedia.org\/wiki\/Drizzt_Do%27Urden"",""sameAs"":""http:\/\/www.wikidata.org\/entity\/Q114455"",""mainEntity"":""http:\/\/www.wikidata.org\/entity\/Q114455"",""author"":{""@type"":""Organization"",""name"":""Contributors"
"Do'Urden"",""wgCurRevisionId"":1257001833,""wgRevisionId"":1257001833,""wgArticleId"":401088,""wgIsArticle"":true,""wgIsRedirect"":false,""wgAction"":""view"",""wgUserName"":null,""wgUserGroups"":[""*""],""wgCategories"":[""All"
Do'Urden's
Do'Urden(/ˈdrɪtstdoʊˈɜːrdɪn/)[1]is
Do'Urden(a
Do'Urden.
Do'Urden14
Do'UrdenElminsterVolothamp
Do'UrdenForgotten
Document
DocumentGeography
Donate
DonateCreate
Donovan
"Donovan,"
DonovanandPaul
Doom
DoomThe
Douglas
Download
"Dowry"","
Draconomicon
Dragon
Dragonborn
DragonbornDwarfElfDrowGnomeHalf-elfHalf-orcsHalflingHumanKenderTieflingTritonWarforged
Dragonlance
DragonlanceGreyhawkRavenloft
Dragons
"Dragons"""
"Dragons"".Kotaku"
"Dragons""}"
Dragons(original)
Dragons(original)BasicExpertCompanionMasterImmortalsRules
"Dragons,"
Dragons.[2]The
Dragons:
DragonsBasicsGeneralAdventurers
DragonsFictional
DragonsGame
DragonsMain
Dragonsfantasy
Dragonsfantasyrole-playing
"Dragonsnovels,"
Dragonspear
DragonspearBaldur's
Dragonsrole-playing
Dread
DreadThe
"Drew,"
Drizzt
"Drizzt"""
"Drizzt"".The"
Drizzt's
"Drizzt,"
"Drizzt,[40]released"
Drizzt.
Drizzt:
Drizzt;
DrizztR.
DrizztvteDungeons
Drow
Drow(2003)[18]continues
Drow:
Drowdebuted
Drowis
Drowreached
Drowseries
"Drowseries,"
Drowwas
Druid
Due
Dungeon
Dungeons
During
Dwarf
E.
ENnies
Eberron
Echoes
Ed
"Ed,Sean"
Edit
Edition
EditionBaldur's
EditionSiege
Editions
Eilistraee
Electronic
Elemental
Elf
Elf.
ElfDrow
Elminster
English
Enhanced
Ennie
Entertainment
EntertainmentSnowblind
Entreri
"Entreri,"
Epic
Equipment
Eric
Errtu
Español
Evil
EvilTomb
Exalted
Exandria
Exile
Expanded
Expedition
Expert
External
Faerûn
Faerûn's
FaerûnAl-QadimKara-Tur
Faerûnian
Fantasy
February
Fiction
"Fiction"""
"Fiction"".The"
Fiction:
Fictional
Fiend
Fighter
Fighter/Ranger
Film
Fires
Firestorm
First
Fisherman's
Fist​
Fist​EberronExandriaForgotten
Folio
FolioForgotten
Following
For
Forgotten
Forgottenwars.com.
"Foundation,"
Fourth
Frank
Français
From
Frye
Further
G.I.
"Gaillard,"
Galaxies
"Galaxies,"
Game
"Game"""
"Game""."
GameSpy
Gameplay
GameplayAdventuresAlignmentAttributeDungeon
Gamers
Games
Gaming
Gary
Gate
Gate:
GateDungeons
GateTales
Gatefighting
Gates
Gateseries
Gathering
"Gathering,"
Gatheringcollectible
GatheringplanesRavnicaStrixhavenTheros
GatheringplanesRavnicaStrixhavenTherosMahasarpaMystaraBlackmoorSavage
Gauntlgrym
Gauntlgrymreached
Geddarm
GeddarmGord
GeddarmWulfgar
GeddarmWulfgarDevelopers
Gelatinous
Gem
"Gem,The"
"Gem,[11]Artemis"
Gemreached
Gen
General
GeneralAdventurers
GeneralWhat
Geography
Get
Ghost
Ghostwalk
Giants
GiantsDead
Gizmodo
Gnome
Goblins
"God!""[9]Although"
Gods
GodsDesert
Good
Gord
Greenwood
"Greenwood,"
GreenwoodJeff
Grenadier
Greyhawk
Greyhawkdeities
GreyhawkdeitiesTharizdunVecna
Group
Group.
Group.[44][45][46]
Group.[44][45][46]Reception
Grubb
"Grubb,"
GrubbRob
Guenhwyvar
"Guenhwyvar,"
Guenhwyvar.
Guenhwyvar.First
Guide
GuideBattlesystemBook
GuideMonster
Guild
GuildPaizoRal
Gygax
GygaxDave
Gygaxjust
Half-elf
Half-orcs
Halfling
Halfling's
Hall
"Hall,"
Hall.
Hand
Handbook
HandbookAD&D2nd
HandbookDungeon
HandbookPsionics
Harold
Hasbro
Hasbro-owned
Hathaway.
He
He's
Heinsoo
Heinsoo.Forgotten
HeinsooTracy
Help
HelpLearn
"Henry,"
Heroes
Heroes'
"Heroes(TSR,"
Heroes.[28]The
Heroesaccessory
Hickman
HickmanHarold
Hidden
High-Level
High-level
His
History
Historycounted
Hollow
Holograms
"Holograms,Micronauts,Action"
Home
HomeMenzoberranzan
Homeland
"Homeland"""
"Homeland"".io9."
Horrors
HorrorsWhite
Hound
HoundBaldur's
House
"House,"
"However,"
Hrvatski
"Huddleston,"
Human
Hunter's
I
IGN
II
"II"""
"II"".Electronic"
"II"".Publishers"
II.[36]Drizzt
II:
IIDungeons
III:
IIand
ISBN
Icewind
Icingdeath.
Icons:
"Ideas"".Dragon"
Iggwilv
Illithid
Imagine
Immortals
ImmortalsDungeon
In
In-universe
InForgotten
InThe
Inc.
"Inc."",""logo"":{""@type"":""ImageObject"",""url"":""https:\/\/www.wikimedia.org\/static\/images\/wmf-hor-googpub.png""}},""datePublished"":""2003-12-14T10:00:27Z"",""dateModified"":""2024-11-12T17:47:26Z"",""image"":""https:\/\/upload.wikimedia.org\/wikipedia\/en\/c\/cf\/Drizzt.png"",""headline"":""fictional"
"Inc.,"
Inner
"Innovindel,"
Insider
InsiderD&D
Interplay
Interview
Io9
Isle
Isles
"Isles,"
Israel
It
Italiano
J.
Jakandor
James
Jan
January
Jarlaxle
"Jarlaxle,"
Jeff
"Jeff,Kate"
Jem
Jim
Joe
"Joe,Transformers,M.A.S.K.,Jem"
John
Johnson
JohnsonRobert
Jon
Jonathan
Jonathan;
Joshua
Journal
Journal'
Journal's
Journal.
"Journallist,"
Judges
July
Jump
June
K.
Kalamar
KalamarMagic:
Kara-Tur
Kate
"Kathie.""Novelist"
Keep
Keith
Kender
Kessel
"Kessel,"
Kicks
King
"King"""
"King"".Publishers"
"King,"
"King,[20]The"
"King,[21]andThe"
King.[22]Drizzt
King[47]
King[47]According
Kingdoms
Kingreached
Kirchoff
"Kirchoff,"
Kobolds
Kotaku
Krynn
Kuntz
KuntzMike
Kyle;
L.
"L.""Pyramid:"
L.Drizzt
Lake
Land
"Land),"
Larethian
LarethianEilistraeeGreyhawkdeitiesTharizdunVecnaMoradinMystraTiamat
LarethianEilistraeeGreyhawkdeitiesTharizdunVecnaMoradinMystraTiamatPublicationsCore
Larian
Last
League
LeagueControversiesEditionsGen
Learn
Legacy
"Legacy,"
"Legacy,[12]Starless"
Legacyreached
Legend
Level
Libraries
Library
Libris
License
License;
LicenseGame
LicenseSystem
Licenses
LicensesOpen
Lich
List
List;
Lists:
Literary
Log
"Lolth,"
Lone
Lord
Lore
Lorebook
Lorebook.
"Lorebookaccessory,"
Lost
Lowder
"Lowder,Bruce"
M.A.S.K.
Magazine
Magazine(188).TSR:
Magic
Magic.
Magic:
MagicUnearthed
Magyar
Mahasarpa
Main
Majere
MajereMinscMordenkainenTenserStrahd
Make
Makes
"Malice,"
Man
"Man,Battleship"
"Manganiello,"
Manual
ManualClassic
"Many-Arrows,"
March
Margaret
"Martin,Jim"
Mary
Masque
Master
Master's
MasterGame
Material
Matron
May
Mearls
MearlsFrank
Meeting
Mentzer
MentzerTom
Menzoberranzan
"Menzoberranzan,"
Michael;
Micronauts
Mielikki
Mike
Mimic
Miniature
Miniatures
"Miniaturesgame,"
Minsc
Minthara
Mirror
"Mirror"","
"Mirror,"
Mithral
Mithril
Mobile
Models
ModelsJudges
Moldvay
MoldvayChris
Monk
Monster
Monte
Monthly
Monthly(review).
Montolio
Moonshae
MoonshaeandAragornfromThe
MoonshaebyDouglas
Moradin
Mordenkainen
More
Mortis
MortisManual
Mountain
MountainOnline
Must-Have
Mystara
MystaraBlackmoorSavage
Mystra
NPCs
"Narbondel"","
National
NationalUnited
Navigation
NavigationMain
Nentir
Nesmith
"Nesmith,Steve"
Network
Neverwinter
Neverwinter:
Neverwinterreached
New
NewSouth
"Newman,"
Night
"Night,[13]andSiege"
Nighthave
Nightreached
Niles
"Niles,"
Noble
Noble.
"Nominees"""
"Nominees""."
Notable
Notablemodules
NotablemodulesList
Novak
"Novak,"
Novels:
November
OCLC
Obould
October
"Odds""."
Oerth
Of
Off
Ohlen
OhlenCategory
OhlenCategoryAuthority
Online
Open
Option:
Orc
Orcs
"Orcs"""
"Orcs""."
"Orcs(2002),[17]Drizzt"
Orcsreached
Origins
OriginsJames
Other
Outer
Owlbear
PC
PCMenzoberranzan.
PDF
PDFPrintable
Pack
"Pack"""
"Pack""."
Packthat
Page
Pages
Paizo
Paladin
Partha
ParthaStrategic
Party
Passage
Paths
Paul
Peak
PeakThe
Peaks
PeaksExpedition
Pelinore
Perkins
PerkinsJon
Permanent
Perrin
"Perrin,Mike"
Personal
"Peterson,"
Pickens
PickensJonathan
Pirate
Pits
PitsThe
PlaneAebrynisAbeir-TorilAthasKrynnEberronMystaraOerthUnderdark
PlaneAebrynisAbeir-TorilAthasKrynnEberronMystaraOerthUnderdarkInner
Planes
PlanesOuter
PlanesPlayer's
PlanesSigil
PlanesSigilCharacters
Planescape
Play
Player's
Plume
Policy
Policy.
Polski
Polygon
Pondsmith
"Pondsmith,"
PopMatters
Popular
Powers
PowersPlayer's
Press
Press.
Print/export
Print/exportDownload
Printable
Privacy
Product
Psionics
Publication
Publications
PublicationsCore
Publishers
Publishing
Publishing.
Publishingbegan
Pyramid
QR
Queen
R.
R.A.
Race
RaceDrow
Races
Raistlin
Ral
Random
Ranger
Rankings
Rant
Rant's
Rant.
Ravenloft
RavenloftMasque
Ravnica
RavnicaStrixhavenTheros
Read
ReadEditView
Realms
"Realms"""
"Realms"",[48]while"
"Realms"".Devil's"
"Realms,Neverwinter"
Realms.
Realms.Drizzt
Realms:
RealmsFaerûn
RealmsFaerûnAl-QadimKara-Tur
RealmsFaerûnAl-QadimKara-TurGhostwalkGreyhawkJakandorKingdoms
RealmsFaerûnCharactersAstarionDark
Realmscampaign
Realmscharacter
RealmscharacterDrizzt
Realmsline
Recent
Reception
Record
Red
Reference
References
References[edit]
RegExp('(^|
Regis
"Regis,"
Regis.
Related
RelatedBaldur's
"Renton,"
Reptilian
Retrieved
Retrieved14
Retrieved2009-01-08
Retrieved2009-01-08.
"Retrieved2009-01-08.^""R.A."
"Retrieved2009-01-08.^Drew,"
Retrieved2009-01-08.^Sojournreached
Retrieved2009-01-09
Retrieved2009-01-09.
Retrieved2009-01-09.[dead
Retrieved2009-01-09.^Passage
Retrieved2009-01-09.^Sea
Retrieved2009-01-09.^Siege
Retrieved2009-01-09.^Starless
"Retrieved2009-01-09.^Taguiam,"
Retrieved2009-01-09.^The
"Retrieved2009-01-09.^ab""The"
Retrieved2009-01-09.^abThe
"Retrieved2009-01-09.^abcVarney,"
Retrieved2009-01-12
Retrieved2009-01-12.
"Retrieved2009-01-12.^""2008"
"Retrieved2009-01-12.^""Baldur's"
"Retrieved2009-01-12.^""Demon"
"Retrieved2009-01-12.^""dudleyville.com"
"Retrieved2009-01-12.^Baichtal,"
Retrieved2009-01-22
Retrieved2009-01-22.
"Retrieved2009-01-22.^""Dungeons"
"Retrieved2009-01-22.^Boyd,"
Retrieved2012-12-01
Retrieved2012-12-01.
"Retrieved2012-12-01.^""Baldur's"
"Retrieved2012-12-01.^""Rage"
Retrieved2017-02-12
Retrieved2017-02-12.
Retrieved2017-02-12.^Charon's
Retrieved2017-02-12.^Gauntlgrymreached
"Retrieved2017-02-12.^Grubb,"
Retrieved2017-02-12.^Neverwinterreached
Retrieved2017-02-12.^The
Retrieved2017-12-09
Retrieved2017-12-09.
"Retrieved2017-12-09.^Gaillard,"
"Retrieved2017-12-09.^Hall,"
Retrieved2020-08-25
Retrieved2020-08-25.
"Retrieved2020-08-25.^Bricken,"
Retrieved2020-12-28
Retrieved2020-12-28.
"Retrieved2020-12-28.^Bricken,"
Retrieved2021-05-21
Retrieved2021-05-21.
"Retrieved2021-05-21.^""D&D's"
Retrieved2022-12-01
Retrieved2022-12-01.
Retrieved2022-12-01.External
Retrieved2023-04-11
Retrieved2023-04-11.
"Retrieved2023-04-11.^""Forgotten"
"Retrieved2023-04-11.^""The"
"Retrieved2023-04-11.^Henry,"
Retro-clones
Review
Review:
ReviewAn
Revisiting
Reynolds
Reynolds.Skip
Rhenn
Richard
Rings
"Rings.""[1]Salvatore"
Rob
Robert
Rogue
RogueIggwilvLord
Rokugan
"Roman"",serif;font-weight:bold;font-size:large;color:gray;content:"""
Ruins
Rules
"Rumors,"
SSI
Saga
"Saga,"
Saga;
Salvatore
"Salvatore"".Dragon(#252).Renton,"
Salvatore's
"Salvatore's..."""
"Salvatore's...""Business"
"Salvatore,"
Salvatore.Hall
Salvatore.[27]TheHeroes'
Salvatore.[41][42]
Salvatore.[41][42]In
SalvatoreDrizzt's
SalvatoreIn-universe
Salvatoreas
Sam;
Savage
Scenario
School
SciFi.com
Scottishclan).
Sea
Sean
Search
SearchSearch
SearchSearchAppearanceDonateCreate
Seller
Sellers:
Sellswords
September
Sequence
Servant
Setting
"Setting,"
SettingForgotten
SettingLibris
Settinghardcover
Shadows
"Shallows,"
Shard
"Shard"""
"Shard"".io9."
"Shard(1988),"
"Shard(2000),"
Shard(what
"Shard),"
"Shard,"
"Shard,Streams"
Shard.
Shard.Sea
Shard.[21][52]The
ShardCreated
She
Short
"Short"""
"Short"".TheGamer."
Siege
Sigil
Silent
Silver
"Silver(1989),"
"Silver,The"
Simulations
SimulationsWizKids
SimulationsWizKidsLicensesOpen
Skills
Skip
Slaadi
Sleep
Snowblind
Sojourn
Sojournreached
Sorcerer
Soth
SothRaistlin
Sound
Sound(2021)
Sources
Special
Speed
Spelljammer
Spells
Spiders
SpidersRavenloftRed
Spine
Starless
States
StatesIsrael
StatesIsraelRetrieved
Statistics
Steve
Stone
Stone.
Stone.Concept
Stonehe
Strahd
Strangest
Strategic
Streams
Street
Strixhaven
Studios
Studios.
StudiosBeamdogLarian
StudiosInterplay
StudiosRelatedBaldur's
Sue
Sue(December
Sue-iest
Summer
Sun
SunDragonlanceDragon
"Sunday,"
Suomi
Supplements
SupplementsArms
Sword
Swords
Swords'
Swords(2001)[16]continues
Swords(2003).[19]
Swords(2003).[19]R.
Swordscovers
Swordspeaked
Swordsreached
Synergy
System
TSR
"TSR,"
TSRWizards
TV
Tactics
TacticsPlayer's
"Taguiam,"
Tales
Talk
"Template:Cite_journal"","""
"Template:Cite_web"","""
"Template:D\u0026amp;D_topics"","""
"Template:Infobox"","""
"Template:Infobox_character"","""
"Template:Main_other""]},""scribunto"":{""limitreport-timeusage"":{""value"":""0.481"",""limit"":""10.000""},""limitreport-memusage"":{""value"":7032252,""limit"":52428800}},""cachereport"":{""origin"":""mw-web.eqiad.main-bdfc96b6b-g5rqq"",""timestamp"":""20250109204945"",""ttl"":2592000,""transientcontent"":false}}});});"
"Template:Pagetype"","""
"Template:Reflist"","""
"Template:Short_description"","""
Temple
Temple.
Ten
Tenser
Terms
Text
Thank
Tharizdun
TharizdunVecna
The
TheGamer
TheHall
Theros
They
This
Thousand
Threshold
"Threshold"","
Thresholdreached
Throne
Tiamat
Tiefling
Time
Times
Times'
Times's
Times.
TimesBest
Timesbestseller
To
Today
Todaylist
Toggle
Tolkien
Tolkien.
Tom
Tomb
Tools
ToolsToolsmove
Toolsmove
Top
Tracy
Transformers
Transitions
Trilogy
"Trilogy,"
"Trilogy,The"
Trilogy.
Trilogyand
Triton
Trolls
Troubles
Troubles.
Tsojcanth
TsojcanthQueen
Tweet
TweetJim
Two
Türkçe
URL
URLDownload
USA
Underdark
"Underdark(TSR,"
"Underdarkanthology,"
UnderdarkbyEric
Underdarkexpansion
Undermountain
UndermountainThe
Unearthed
Unit:E
United
Unlimited.ISBN1-56308-920-3.
"Unlimited.ISBN1-56308-920-3.^""Salvatore,"
Upload
Urge
UrgeMinscMintharaCameosCatti-brieDrizzt
Use
UseandPrivacy
Vale​
Vale​PelinorePlanescapeRavenloftMasque
Valor
"Valoranthology,"
Vampires
"Varney,"
Vecna
View
Vile
Visual
Volothamp
Walkthrough
"Walkthrough"""
"Walkthrough"".IGN."
Wall
Ward
WardMargaret
Warforged
Warlock
Washington
Washington:Wizards
Watermelon
Weekly
Weekly.
"Weekly..."""
"Weekly...""Business"
Weekly.Barnes
Weeklybestseller
Weeklyfelt
Weeklyreview
"Weinlein,"
Weis
WeisSkip
Welsh
"Welsh,"
What
When
White
Wikidata
"Wikidata"",""Fantasy"
"Wikidata"",""Good"
WikidataGood
WikidataThis
Wikimedia
Wikipedia
"Wikipedia,"
WikipediaCode
WikipediaContact
WikipediaDisclaimersContact
WikipediaJump
Wikipedia®
Williams
"Williams,"
WilliamsSteve
Wine
Wine.
Winter
WinterCompaniesTSRWizards
Wire
Wire(review).
Wire.
Wired
With
"Witwer,"
Witweret
WizKids
Wizard
Wizards
World
"World(1999),"
WorldNentir
WorldwideDungeons
Wrath
Wulfgar
Wulfgar's
"Wulfgar,"
Wyrms
WyrmsDark
Year
York
Young
Your
Zaknafein
Zarovich
ZarovichWulfgar
ZarovichWulfgarCreatures
ZiffDavis
[
[10]
[11]
[12]
[13]
[14]
[15]
[16]
[17]
[18]
[19]
[1]
[20]
[21]
[22]
[23]
[24]
[25]
[26]
[27]
[28]
[29]
[2]
[30]
[31]
[32]
[33]
[34]
[35]
[36]
[37]
[38]
[39]
[3]
[40]
[41]
[42]
[43]
[44]
[45]
[46]
[47]
[48]
[49]
[4]
[50]
[51]
[52]
[53]
[54]
[55]
[5]
[6]
[7]
[8]
[9]
[dead
[edit]
]
"]""}.mw-parser-output"
^
"^""2008"
"^""Baldur's"
"^""D&D"
"^""D&D's"
"^""Demon"
"^""Dungeons"
"^""Forgotten"
"^""R.A."
"^""Rage"
"^""Salvatore,"
"^""The"
"^""Wizards"
"^""dudleyville.com"
"^Baichtal,"
"^Boyd,"
"^Bricken,"
^Charon's
"^Donovan,"
"^Drew,"
"^Gaillard,"
^Gauntlgrymreached
"^Greenwood,"
"^Grubb,"
"^Hall,"
"^Henry,"
"^Huddleston,"
^Neverwinterreached
^Passage
^Sea
^Siege
^Sojournreached
^Starless
"^Taguiam,"
^The
"^Witwer,"
^ab
"^ab""R.A."
"^ab""The"
^abThe
"^abWelsh,"
^abc
"^abcVarney,"
^abcde
"^abcdeWeinlein,"
a
"a,.mw-parser-output"
"a,body:not(.skin-timeless):not(.skin-minerva)"
a>abbr{text-decoration:inherit}.mw-parser-output
"a>span,.mw-parser-output"
abbr{color:var(--color-base)!important}@media(prefers-color-scheme:dark){html.skin-theme-clientpref-os
abbr{color:var(--color-base)!important}}@media
abbr{font-variant:small-caps;border-bottom:none;text-decoration:none;cursor:inherit}.mw-parser-output
about
accessories
accessoryDrizzt
account
accountLog
acheat
achieve
acknowledge
acquires
across
acts
actually
adaptations
adapted
additional
adopted
adrowwho
adventure
adventure.
adventure.Publishers
adventurers
"adventurers"",""Fictional"
adventurersFictional
adventures
after
afterSiege
again
against
"against,"
agree
aid
aided
akin
al.
al.in
alien
all
allows
almost
along
already
also
alternative
although
always
amagepossessed
amazing
aminiature
among
amongst
an
ananimated
and
andForgotten
andJarlaxleas
andR.
andRob
andServant
andStarless
"anelfchild,"
animated
anniversary
another
anthology
any
appearance
appearance.
appearanceThe
appeared
appearing
appears
appease
apply.
appreciation
are
article
articleAbout
articles
"articles"",""Short"
articlesShort
as
asidekickforWulfgarin
asked
assassin
assumed
at
"atetralogy,"
attack
attack.
attacked
attacks
attempt
atypicaldrow(dark
author
authorR.
auto
auto}.mw-parser-output
available
"ayochlol,"
a{background-size:contain;padding:0
"a{background:url(""//upload.wikimedia.org/wikipedia/commons/4/4c/Wikisource-logo.svg"")right"
"a{background:url(""//upload.wikimedia.org/wikipedia/commons/6/65/Lock-green.svg"")right"
"a{background:url(""//upload.wikimedia.org/wikipedia/commons/a/aa/Lock-red-alt-2.svg"")right"
"a{background:url(""//upload.wikimedia.org/wikipedia/commons/d/d6/Lock-gray-alt-2.svg"")right"
b
back
badass
barbarianWulfgarand
based
battle
"battle,"
battles
be
beat
because
become
been
begins
begun
being
beings
beingsRaces
believes
beloved
best
"best.""[3]A"
bestseller
between
big
blind
blood
board
book
book'seponymousCrystal
"book,"
"book,The"
bookArt
bookThe
booklet
books
"books,"
"books,The"
born
both
bothered
boxed
boyhood
brief
brings
buried
but
by
byBenedict
byDale
byHasbroas
byR.
c
called
calls
"calls,"
came
cameo
campaign
campaign.
"campaign.""[53]"
"campaign.""[53]In"
campaigns
can
card
cards
"cards"""
"cards"".Polygon."
case.
categories:All
center/12px
center/9px
centerpiece
challenging
"chance"".[1][8]Recalling"
changes
changesUpload
character
"character"""
"character"".SciFi.com."
"character,"
character.[29]TheForgotten
characterDrizzt
characters
"characters"",""Literary"
"characters"".[49]Rob"
characters.
characters.Sea
charactersAliasCatti-brieDrizzt
charactersLiterary
chase
cheat
"children,"
choreographed
chroniclers
chronologically
cite.citation{font-style:inherit;word-wrap:break-word}.mw-parser-output
cite{display:block;font-style:normal}@media
cities
city
civilizations
clan
clash
"className=""client-js"
classes
classesCharacter
classical
classicromantic
"clichéd,"
code
code.
code.[34]Drizzt
codePrint/exportDownload
collection.
color
combat
"combat,"
combatting
comic
"comicUnit:E,"
coming
commemorate
comments
companion
companions'
"complexity""."
concept
concerned
concerning
conflict
conflicting
consisting
content
contentMain
contents
contentsDrizzt
contrast
control
conversation.
convinced
cookie=document.cookie.match(/(?:^|;
correlation
cosmology
cosmologyCampaign
could
courage
course
covering
create
created
creates
creating
creation
creation.
creation2Publication
creation[edit]
creation[edit]Drizzt
crime
cross
crosses
crossing
cube
cubeGiantsGoblinsIllithid
culture
cultureFilm
curses
d
"danger,"
dark
databases
databases:
"date,Homeland,Exile,Sojourn,The"
"daughter,Catti-brie."
"daughter,Catti-brie.The"
day
dd
"dd,.mw-parser-output"
"dd::after,.mw-parser-output"
"dd:first-child::before,.mw-parser-output"
"dd:last-child::after,.mw-parser-output"
dead
"dead,"
debut
debuted
deception
demon
"denizen"""
"department,"
depth
described
describes
description
"description"",""Short"
descriptionShort
designated
"despised,"
destroy
destroyed.
destroyed.Drizzt
details
did
"dies,"
different
"discovered,"
discrepancy
discriminated
"distrusted,"
div.hatnote{padding-left:1.6em;margin-bottom:0.5em}.mw-parser-output
div:not(.notheme){background:#1f1f23!important;color:#f8f9fa}}@media(min-width:640px){body.skin--responsive
dl
"dl,.mw-parser-output"
don't
doʊˈɜːrdɪn
dragon
dragon.[37]The
drow
drow's
"drow,"
drow.
drow.[4]
drow.[4]Salvatore
drowelvesthat
dt
"dt,.mw-parser-output"
"dt::after{content:"":"
"dt:first-child::before,.mw-parser-output"
"dt:last-child::after,.mw-parser-output"
due
duel
during
dwarven
e
each
early
edit
editCommunity
edited
edition
"edition,"
editionD&D3rd
editionD&Dv3.5ExpandedandComplete
editionD&Dv3.5ExpandedandCompleteNotablemodulesList
editionfeatures
editionofAdvanced
editor
editorslearn
elf
"elf),"
elven
elves
"elves"",""Fictional"
"elves,"
elves.
elvesFictional
employ
employedfrost
employer.
employer.Legacy
enclosed
encounter
encyclopedia
encyclopediaFictional
end
ends
entire
entitledCharon's
eponymous
equal
equally-adept
escape.
escapes
et
even
evenCandy
events
eventsRandom
eventually
everyone
"everything"""
evil
existence
existenceMaterial
explained
extended
external
face
faces
fails
fallen
family
famous
"fans,[51]and"
fantasy
father
favoring
favorite
featured
features
featuring
feel
feels
fellow
fiction
"fiction"".[50]"
"fiction"".[50]The"
fictional
fight
fighting
fights
figure
figure.
figures
file
fileSearchSearchAppearanceDonateCreate
fileSpecial
final
finally
finds
fine
first
flayer)
flayer)LichMimicOwlbearOrcsReptilian
focus
focuses
following
for
forDungeons
forMicronautscharacters
forPyramidrefers
forced
forest
forsaken
forsakes
found
four-page
fourth
franchises
free
friendly
friends
friends.
friends.Passage
friendship
friendship.[3]Drizzt
from
from.
fromDarkwalker
fromG.I.
fromHall
fromJem).
fromJem).Drizzt
fromthe
frost
further
gaining
game
game's
game'sthird
game.
game.[43]Sleep
gameNeverwinterbyCryptic
gameThe
games
"games,"
games.
general.
gets
getting
giants
giantsto
gnolls;
goals.
goddess
goddess.
going
good
goodHomeMenzoberranzan
goodHomeMenzoberranzanDrizzt
got
graphic
group
group's
guess
hack-and-slash
had
hadn't
halfling
hands
happenstance.
hardcover
has
hates
hatred
have
he
"head,"
head.
held
help
"helped.""[55]"
"helped.""[55]References[edit]^abcdeWeinlein,"
helps
her
here
hereRelated
hero
heroic
"hero—misunderstood,"
hide
highest
him
him.
himDarkwalker
himself
his
history
history.Ten
history3Other
historyGeneralWhat
historyToolsToolsmove
history[edit]
history[edit]Further
holding
home
home.
home.Artemis
honor.[35]He
hopes
hostile
hostility
how
https://en.wikipedia.org/w/index.php?title=Drizzt_Do%27Urden&oldid=1257001833
human
human)
humanoids
humanoidsKobolds
humanoidsKoboldsSlaadiTrollsVampiresList
humanrangernamedMontolio
"humans,"
iconic
ideals
identifying
if
img{background-color:#f8f9fa}@media
img{max-width:none!important}@media
important
imported
in
inBaldur's
inD&D-basedrole-playing
inD&Dcould
"inExile,"
inIcewind
inMenzoberranzanas
inPages
inPersonal
inThe
included
includes
including
"ineffective.""[32]Drizzt"
influences
influencesGameplayAdventuresAlignmentAttributeDungeon
information
information:The
informationCite
informationRaceDrowClassFighter/RangerAlignmentChaotic
informed
inherent
innate
installment
"instance,"
internal
"interview,"
into
intographic
introduced
involving
io9
is
"isMielikki,"
isThe
"isZaknafein,"
issues
it
"it,"
item
itemAppearancemove
itemMiniaturesPsionics
itemMiniaturesPsionicsCreatorsGary
"items,[33]and"
items.
its
i{font-style:normal}.mw-parser-output
job
journey
judged
just
justified
kidnaps
kill
killed
kills
king.[6]
king.[6]Drizzt
know
known
languages
languagesCatalàČeštinaDeutschEspañolFrançaisHrvatskiItalianoעבריתMagyarPolskiРусскийSuomiTürkçe中文Edit
large
last
late
later
launch
leader
learn
leaves
legacy
legacy5References6External
legacy[edit]
legacy[edit]Salvatore
lending
lets
li
"li::after{content:"""
"li:first-child::before,.mw-parser-output"
"li:first-child::before{content:"""
"li:last-child::after,.mw-parser-output"
"li:last-child::after{content:"")"";font-weight:normal}.mw-parser-output"
li:last-child::after{content:none}.mw-parser-output
life
life.
lifespan
like
liked
lineages
lineagesDragonbornDwarfElfDrowGnomeHalf-elfHalf-orcsHalflingHumanKenderTieflingTritonWarforged
lineagesDragonbornDwarfElfDrowGnomeHalf-elfHalf-orcsHalflingHumanKenderTieflingTritonWarforgedClassesArtificerBarbarianBardClericDruidFighterMonkPaladinRangerRogueSorcererWarlockWizardList
link
linkPage
links
"links"",""Articles"
linksArticleTalkEnglishReadEditView
linksArticles
linksToggle
links[edit]
links[edit]Dark
link‍]
"link‍]^abWelsh,"
list
"list,"
list.
list.The
lists
listsDragonlanceGreyhawkRavenloft
listsDragonlanceGreyhawkRavenloftNotable
literature
"literature"",""Forgotten"
literatureForgotten
little
lived
li{margin:0;display:inline}.mw-parser-output
li{page-break-inside:avoid;break-inside:avoid-column}.mw-parser-output
li{word-spacing:-0.125em}.mw-parser-output
locatedIcewind
logged
long
lord.
lost
loveCattie-Brie(a
low
made
madeThe
mage
magic
magical
main
mainstay
make
makes
managing
manuscript
many
manyDungeons
map
marked
marketing
martial
master
matches
may
mechanics
mechanicsMagicMagic
media
media4Reception
media[edit]
media[edit]Drizzt
meeting
meeting.
meets
meetsdwarvenkingBruenor
member
mentioned
menu
menuMain
menumove
miles
mini-series
miniature
mixes
moment.[7]He
monsters
monstersBeholdersCentaurDevilsDragonsGelatinous
monstersDeities
monstersList
moral
more
moreContributionsTalk
moreContributionsTalkContentsmove
most
mountain
move
moved
multifaceted
musings
my
n
"name,"
narrated
neatly
needed
negatively
never
new
newest
next
no
no-repeat}.mw-parser-output
no-repeat}body:not(.skin-timeless):not(.skin-minerva)
noble
nominated
non-profit
"north.""[7]"
"north.""[7]Salvatore"
not
noted
novel
novel)
novelEchoes
"novelHomeland,"
novels
"novels,"
novelsand
novelsbyDevil's
number
of
ofCaptain
ofEberronmodules
"ofHomeland,"
ofHouse
ofJ.
ofKotakucalled
ofMenzoberranzan.
ofMenzoberranzan.Drizzt's
ofTSR's
ofThe
off
offspring
ofgraphic
often
ol
"ol,.mw-parser-output"
"ol>li::before{content:"""
"ol>li:first-child::before,.mw-parser-output"
"ol>li:first-child::before{content:"""
ol>li{counter-increment:listitem}.mw-parser-output
olderDungeons
ol{counter-reset:listitem}.mw-parser-output
ol{margin-top:0}.mw-parser-output
on
onGame
onThe
once
one
one-off
only
or
orc
orcs
organization.
organization.Privacy
original
originalon
other
otherwise
out
over
overshadowing
own
owned;
oʊ
page
pageContentsCurrent
pageGet
pages
pagesPermanent
"pal)"".[54]In"
panther
pantherGuenhwyvar.
paperback
part
participate
particularly
party
patron
peace
people
"perfection,"
permanently
personality
perspective
philosophical
phone
pickpocket
picks
pieces
pirate-hunting
place
planes
play
playable
"played,"
player
players
players/readers
plays
poem
policy
policyAbout
popular
portal
portalRecent
possible
potential
powerful
powers
powersBahamutCorellon
pp.
praise:
"prejudice,"
prequel
pressure
pretends
preternaturally
prevent
preview
previous
previously
principles
print{.mw-parser-output
print{body.ns-0
prior
produced
products
productsRetro-clonesSources
"project,"
projects
"projects""},""publisher"":{""@type"":""Organization"",""name"":""Wikimedia"
projectsWikimedia
prominently
promote
proposal
protect
published
"published,"
publisher
publishers
publishersBioWareBlack
quests
quickly
"q{quotes:""\""""""\""""""'""""'""}.mw-parser-output"
r
"race"","
races.[5]Drizzt
racial
raid
ranger
"ranger,"
rangers.
reached
react
readers
realizes
realm
received
record
recover
recreate
recurring
referred
"regard,"
region.
region.Streams
registered
reimagined
reinforces
released
released.[31]The
releasing
remains
repelled
replace
replied
represent
reputation
resurrected
returns
reunion
reunited
review
revision
revisiting
rewrite
"right,"
role-playing
role.
role.During
romantic
rulebooks
rulebooksPlayer's
rules
rulesWrath
s
sacrificed
said
"said,"
same
saying
scenes
screen
screen{.mw-parser-output
screen{html.skin-theme-clientpref-night
"sea,"
search
second
secretly
section
seemingly
seen
self-styled
sellers.
sellers.The
sent
sentMary
sentient
separation.
separation.Drizzt
sequel
sequelBaldur's
series
"series,"
"series,Gauntlgrym,"
series.
series.[1]Salvatore
seriesBaldur's
"seriesNeverwinter,"
seriesRelated
set
sets
setsDungeons
setting
"setting,"
settingfor
settings
settingsBirthrightCouncil
seventh
several
she
"ship,"
short
shortened
shortto
side
sidebar
sidebarhide
sidebarhide(Top)1Concept
sidebarhideActionsReadEditView
sidebarhideFrom
sidebarhideNavigationMain
sidekick
sidekick.
since
singled
"site,"
six
"skeptical,"
skilled
skills
skin-theme-clientpref-day
skin.
slain
slaughter
snow.
so
society
solid
some
something
son
soul
"soul"""
sourcebooks
sourcebooksAgainst
"span,.mw-parser-output"
span{font-style:inherit}.mw-parser-output
spawned
special
spell
spirit-wraith
splash
spot
spur
"stage,"
standard.
standing
start
starting
statement
statementMobile
states
statistics
statuette
stead
stereotype
"stereotype,"
still-living
stopAkar
stories
story
"story,Dark"
storyline
straightforward
strives
"struggles,"
stuck
subterranean
such
summon
summoned
superficial
supporting
surface
"surface,"
swordfighters
t
table
take
talks
td
td.hlist
td{padding-left:inherit;padding-right:inherit}}
teaches
teaching
tells
terms
tetralogy
"th,body.skin--responsive"
that
"that,"
thatGary
thatThe
thatwasthe
the
theAbyssas
theAdvanced
theAdventures
theBaldur's
theCreative
theDark
theDungeons
theFaerûniangoddess
theForgotten
theIcewind
theIo9series
theLegacy
theLegend
theMagic:
theMary
theMoonshae
theNeverwinter
theNeverwinter:
thePaths
thePublishers
theRealms
theSword
theTerms
theTime
"theTransitionsseries,"
"theTransitionstrilogy,"
theUSA
"theUnderdark,"
theUnderdark.
theWikimedia
"thehalflingRegis,"
their
them
them.
themselves
then
therefore
these
thesecond
thesentientartifactCrenshinibon(the
they
think
"think,"
third
this
those
thought
thousand
three
three-issue
through
throughoutThe
time
"time"""
"time.""[7]"
"time.""[7]Publication"
title
to
"toDarkwalker,"
toMithral
toPopMatters'
toThe
told
tools
toolsD&D
toolsDonateCreate
top
"tough,"
town
"tr+tr>.navbox-abovebelow,.mw-parser-output"
"tr+tr>.navbox-group,.mw-parser-output"
"tr+tr>.navbox-image,.mw-parser-output"
tr+tr>.navbox-list{border-top:2px
trade
trademark
traits
travel
travels
trilogies.
troubled
truly
tr{display:table-row!important}body.skin--responsive
two
type
ul
"ul,.mw-parser-output"
ultimately
ul{display:inline-block;white-space:nowrap;line-height:inherit}.mw-parser-output
ul{display:inline}.mw-parser-output
ul{margin:0;padding:0}.mw-parser-output
ul{padding:0.125em
unable
under
unique
"unknowingly,"
unlike
unlockable
unrelated
unusual
up
upcoming.[39]
upcoming.[39]Drizzt
update
us
usContributeHelpLearn
use
uses
using
utterly
v
vector-feature-appearance-pinned-clientpref-1
vector-feature-custom-font-size-clientpref-1
vector-feature-language-in-header-enabled
vector-feature-language-in-main-page-header-disabled
vector-feature-limited-width-clientpref-1
vector-feature-limited-width-content-enabled
vector-feature-main-menu-pinned-disabled
vector-feature-night-mode-enabled
vector-feature-page-tools-pinned-disabled
vector-feature-sticky-header-disabled
vector-feature-toc-pinned-clientpref-1
"vector-toc-available"";var"
vengeance.The
version
versionIn
very
video
view
views
violence.
visual
von
vte
vteBaldur's
vteDungeons
wanted
war
"warhammer,"
wary
was
way
ways
weapons
weeks
"weeks,"
well
were
"were,"
what
when
where
which
while
whim
who
wilderness
will
with
withThe
without
work
works
"world""."
would
wounded.
writer
written
www.sjgames.com
years
years.
yochlol
you
young
"{""@context"":""https:\/\/schema.org"",""@type"":""Article"",""name"":""Drizzt"
|
"|$)'),'$1'+pref+'$2');});}document.documentElement.className=className;}());RLCONF={""wgBreakFrames"":false,""wgSeparatorTransformTable"":["""",""""],""wgDigitTransformTable"":["""",""""],""wgDefaultDateFormat"":""dmy"","
}];});});
·
Čeština
ɜːr
ɪ
ˈ
ˈdrɪtst
Русский
עברית
‍
–
—
“
”
中文
