WordList
""";font-weight:bold}.mw-parser-output"
"""Bones"
"""Boundless"
"""Comrades"
"""Dark"
"""Drizzt"
"""Guenhwyvar"""
"""If"
"""Iruladoon"""
"""R.A."
"""That"
"""The"
"""To"
"""Wickless"
"""counter(listitem)""\a0"
"""ext.visualEditor.targetLoader"",""ext.echo.centralauth"",""ext.eventLogging"",""ext.wikimediaEvents"",""ext.navigationTiming"",""ext.uls.interface"",""ext.cx.eventlogging.campaigns"",""ext.cx.uls.quick.actions"",""wikibase.client.vector-2022"",""ext.checkUser.clientHints"",""ext.growthExperiments.SuggestedEditSession""];"
"""https://en.wikipedia.org/w/index.php?title=The_Legend_of_Drizzt&oldid=1266964193"""
"""https://en.wikipedia.org/w/index.php?title=The_Legend_of_Drizzt&oldid=1266964193""Categories:Book"
"""wgGETopicsMatchModeEnabled"":false,""wgGEStructuredTaskRejectionReasonTextInputEnabled"":false,""wgGELevelingUpEnabledForUser"":false};RLSTATE={""ext.globalCssJs.user.styles"":""ready"",""site.styles"":""ready"",""user.styles"":""ready"",""ext.globalCssJs.user"":""ready"",""user"":""ready"",""user.options"":""loading"",""ext.cite.styles"":""ready"",""skins.vector.search.codex.styles"":""ready"",""skins.vector.styles"":""ready"",""skins.vector.icons"":""ready"",""jquery.makeCollapsible.styles"":""ready"",""ext.wikimediamessages.styles"":""ready"",""ext.visualEditor.desktopArticleTarget.noscript"":""ready"",""ext.uls.interlanguage"":""ready"",""wikibase.client.init"":""ready"",""ext.wikimediaBadges"":""ready""};RLPAGEMODULES=[""ext.cite.ux-enhancements"",""site"",""mediawiki.page.ready"",""jquery.makeCollapsible"",""skins.vector.js"",""ext.centralNotice.geoIP"",""ext.centralNotice.startUp"",""ext.gadget.ReferenceTooltips"",""ext.gadget.switcher"",""ext.urlShortener.toolbar"",""ext.centralauth.centralautologin"",""ext.popups"",""ext.visualEditor.desktopArticleTarget.init"","
"""wgIsProbablyEditable"":true,""wgRelevantPageIsProbablyEditable"":true,""wgRestrictionEdit"":[],""wgRestrictionMove"":[],""wgNoticeProject"":""wikipedia"",""wgCiteReferencePreviewsActive"":false,""wgFlaggedRevsParams"":{""tags"":{""status"":{""levels"":1}}},""wgMediaViewerOnClick"":true,""wgMediaViewerEnabledByDefault"":true,""wgPopupsFlags"":0,""wgVisualEditor"":{""pageLanguageCode"":""en"",""pageLanguageDir"":""ltr"",""pageVariantFallbacks"":""en""},""wgMFDisplayWikibaseDescriptions"":{""search"":true,""watchlist"":true,""tagline"":false,""nearby"":true},""wgWMESchemaEditAttemptStepOversample"":false,""wgWMEPageLength"":10000,""wgRelatedArticlesCompat"":[],""wgEditSubmitButtonLabelPublish"":true,""wgULSPosition"":""interlanguage"",""wgULSisCompactLinksEnabled"":false,""wgVector2022LanguageInHeader"":true,""wgULSisLanguageSelectorEmpty"":false,""wgWikibaseItemId"":""Q4404357"",""wgCheckUserClientHintsHeadersJsApi"":[""brands"",""architecture"",""bitness"",""fullVersionList"",""mobile"",""model"",""platform"",""platformVersion""],""GEHomepageSuggestedEditsEnableTopics"":true,"
"""wgMonthNames"":["""",""January"",""February"",""March"",""April"",""May"",""June"",""July"",""August"",""September"",""October"",""November"",""December""],""wgRequestId"":""8c1b29a6-1023-49bb-a10c-fc8bdd902729"",""wgCanonicalNamespace"":"""",""wgCanonicalSpecialPageName"":false,""wgNamespaceNumber"":0,""wgPageName"":""The_Legend_of_Drizzt"",""wgTitle"":""The"
"""}"
"""}.mw-parser-output"
#2
#2.
#3
#3.
#a2a9b1;width:100%;clear:both;font-size:88%;text-align:center;padding:1px;margin:1em
#fdfdfd}.mw-parser-output
&
"("";font-weight:normal}.mw-parser-output"
"(""counter(listitem)""\a0"
(12
(2021-07-08).Starlight
(2022).Glacier's
(2023).Lolth's
(Exclusive)
"(RLQ=window.RLQ||[]).push(function(){mw.config.set({""wgHostname"":""mw-web.eqiad.main-76ccb8c4bd-cchls"",""wgBackendResponseTime"":146,""wgPageParseReport"":{""limitreport"":{""cputime"":""0.727"",""walltime"":""0.868"",""ppvisitednodes"":{""value"":15560,""limit"":1000000},""postexpandincludesize"":{""value"":138864,""limit"":2097152},""templateargumentsize"":{""value"":11228,""limit"":2097152},""expansiondepth"":{""value"":16,""limit"":100},""expensivefunctioncount"":{""value"":2,""limit"":500},""unstrip-depth"":{""value"":1,""limit"":20},""unstrip-size"":{""value"":222146,""limit"":5000000},""entityaccesscount"":{""value"":0,""limit"":400},""timingprofile"":[""100.00%"
"(RLQ=window.RLQ||[]).push(function(){mw.loader.impl(function(){return[""user.options@12s5i"",function($,jQuery,require,module){mw.user.tokens.set({""patrolToken"":""+\\"",""watchToken"":""+\\"",""csrfToken"":""+\\""});"
(Top)
(Top)1Main
(UTC)
(function(){var
(help)
"(help)^Salvatore,"
(mind
(prefers-color-scheme:dark){html.skin-theme-clientpref-os
(published
(with
")'+pref.replace(/-clientpref-\w+$|[^\w-]+/g,'')+'-clientpref-\\w+("
)enwikimwclientpreferences=([^;]+)/);if(cookie){cookie[1].split('%2C').forEach(function(pref){className=className.replace(new
-
"-total"","""
.
.citation
".citation:target{background-color:rgba(0,127,255,0.133)}.mw-parser-output"
.cs1-code{color:inherit;background:inherit;border:none;padding:inherit}.mw-parser-output
.cs1-format{font-size:95%}html.skin-theme-clientpref-night
".cs1-hidden-error{display:none;color:var(--color-error,#d33)}.mw-parser-output"
.cs1-kern-left{padding-left:0.2em}.mw-parser-output
.cs1-kern-right{padding-right:0.2em}.mw-parser-output
.cs1-maint{color:#18911f}}
.cs1-maint{color:#18911f}}@media
.cs1-maint{display:none;color:#085;margin-left:0.3em}.mw-parser-output
".cs1-visible-error{color:var(--color-error,#d33)}.mw-parser-output"
.cs1-ws-icon
.hlist
.hlist.inline
".hlist.inline,.mw-parser-output"
.id-lock-free
.id-lock-free.id-lock-free
.id-lock-limited
.id-lock-limited.id-lock-limited
.id-lock-registration
.id-lock-registration.id-lock-registration
.id-lock-subscription
.id-lock-subscription.id-lock-subscription
.mw-empty-li{display:none}.mw-parser-output
.mw-parser-output
.mw-selflink{font-weight:inherit}@media
.navbar
.navbar-boxtext{word-spacing:0}.mw-parser-output
".navbar-brackets::after{margin-left:-0.125em;content:"""
".navbar-brackets::before{margin-right:-0.125em;content:""["
.navbar-collapse{float:left;text-align:left}.mw-parser-output
.navbar-ct-full{font-size:114%;margin:0
.navbar-ct-mini{font-size:114%;margin:0
.navbar-mini
.navbar{display:block;font-size:100%}.mw-parser-output
.navbar{display:inline;font-size:88%;font-weight:normal}.mw-parser-output
.navbar{display:none!important}}
.navbar{float:left;text-align:left;margin-right:0.5em}body.skin--responsive
.navbox
".navbox+.navbox,.mw-parser-output"
.navbox+.navbox-styles+.navbox{margin-top:-1px}.mw-parser-output
".navbox,.mw-parser-output"
".navbox-abovebelow,.mw-parser-output"
.navbox-abovebelow{background-color:#e6e6ff}.mw-parser-output
.navbox-abovebelow{padding:0.25em
.navbox-even{background-color:#f7f7f7}.mw-parser-output
".navbox-group,.mw-parser-output"
.navbox-group{white-space:nowrap;text-align:right}.mw-parser-output
.navbox-image
".navbox-inner,.mw-parser-output"
.navbox-list-with-group{text-align:left;border-left-width:2px;border-left-style:solid}.mw-parser-output
.navbox-list{line-height:1.5em;border-color:#fdfdfd}.mw-parser-output
.navbox-odd{background-color:transparent}.mw-parser-output
.navbox-subgroup
.navbox-subgroup{background-color:#fdfdfd}.mw-parser-output
.navbox-subgroup{width:100%}.mw-parser-output
.navbox-title
".navbox-title,.mw-parser-output"
.navbox-title{background-color:#ccf}.mw-parser-output
.navbox-title{background-color:#ddf}.mw-parser-output
.navbox{box-sizing:border-box;border:1px
.navbox{display:none!important}}
.navbox{margin-top:0}.mw-parser-output
.references{font-size:100%;margin-bottom:0;list-style-type:inherit}.mw-parser-output
.reflist
.reflist-columns
.reflist-columns-2{column-width:30em}.mw-parser-output
.reflist-columns-3{column-width:25em}.mw-parser-output
.reflist-columns{margin-top:0.3em}.mw-parser-output
.reflist-lower-alpha{list-style-type:lower-alpha}.mw-parser-output
.reflist-lower-greek{list-style-type:lower-greek}.mw-parser-output
.reflist-lower-roman{list-style-type:lower-roman}
.reflist-upper-alpha{list-style-type:upper-alpha}.mw-parser-output
.reflist-upper-roman{list-style-type:upper-roman}.mw-parser-output
.reflist{font-size:90%}}.mw-parser-output
.reflist{margin-bottom:0.5em;list-style-type:decimal}@media
0
0-7869-2804-2
0-7869-2980-4
0-7869-3012-8
0-7869-3228-7
0-7869-3360-7
0-7869-3790-4
0-7869-4787-X
0.1em
00:56(UTC).
00:56(UTC).Text
0}.mw-parser-output
1
"1,"
1-3
106.578
11-13
11.31%
12.
12.59%
1341267881
14-16
14.41%
"15,"
15.
152.957
17-19
19.
1988
"1988"",""Fantasy"
"1988,[1][2]and"
1988Fantasy
1Main
1em
1em;line-height:1.5em;text-align:center}.mw-parser-output
2
20-22
20.68%
"2002,ISBN0-7869-2804-2;"
"2003,ISBN0-7869-2980-4"
"2003,ISBN0-7869-2980-4^The"
"2003,ISBN0-7869-3012-8;"
"2004,ISBN0-7869-3228-7"
"2004,ISBN0-7869-3228-7^The"
"2004,ISBN0-7869-3360-7;"
"2004,ISBN978-0-7869-3081-4;"
"2004,ISBN978-0-7869-3123-1;"
"2004,ISBN978-0-7869-3126-2;"
"2005,ISBN0-7869-3790-4"
"2005,ISBN0-7869-3790-4^Transitions#1;"
"2005,ISBN978-0-7869-3613-7;"
"2005,ISBN978-0-7869-3762-2;"
"2005,ISBN978-0-7869-3825-4;"
"2005,ISBN978-0-7869-3953-4;"
"2006,ISBN978-0-7869-3983-1;"
"2006,ISBN978-0-7869-3984-8;"
"2006,ISBN978-0-7869-4007-3;"
"2006,ISBN978-0-7869-4021-9;"
"2006,ISBN978-0-7869-4023-3;"
"2007,ISBN978-0-7869-4246-6;"
"2007,ISBN978-0-7869-4257-2,"
"2007,ISBN978-0-7869-4265-7;"
"2007,ISBN978-0-7869-4289-3;"
"2007,ISBN978-0-7869-4336-4,"
"2007,ISBN978-0-7869-4340-1;"
"2007,ISBN978-0-7869-4341-8,"
"2007,ISBN978-0-7869-4727-0"
"2007,ISBN978-0-7869-4727-0^Three"
"2007,ISBN978-0-7869-4777-5"
"2007,ISBN978-0-7869-4777-5^Three"
"2007,ISBN978-0-7869-4778-2"
"2007,ISBN978-0-7869-4778-2^Four"
"2008,ISBN0-7869-4787-X;"
"2008,ISBN978-0-7869-4837-6;paperback,"
"2008,ISBN978-0-7869-4838-3;"
"2008,ISBN978-0-7869-4859-8;"
"2008,ISBN978-0-7869-4861-1;"
"2008,ISBN978-0-7869-4869-7;"
"2008,ISBN978-0-7869-4911-3;"
"2008,ISBN978-0-7869-4964-9;"
"2008,ISBN978-0-7869-4967-0"
"2008,ISBN978-0-7869-4967-0^Three"
"2008,ISBN978-0-7869-5046-1"
"2008,ISBN978-0-7869-5046-1^Transitions#2;"
"2009,ISBN978-0-7869-5004-1;"
"2009,ISBN978-0-7869-5054-6;"
"2009,ISBN978-0-7869-5107-9;"
"2009,ISBN978-0-7869-5144-4"
"2009,ISBN978-0-7869-5144-4^Transition#3;"
"2009,ISBN978-0-7869-5232-8"
"2009,ISBN978-0-7869-5232-8^Three"
"2009,ISBN978-0-7869-5233-5;"
2009;ISBN978-0-7869-5121-5;
"2010,ISBN978-0-7869-5370-7"
"2010,ISBN978-0-7869-5370-7^Hardcover,"
"2010,ISBN978-0-7869-5395-0;"
"2010,ISBN978-0-7869-5487-2"
"2010,ISBN978-0-7869-5487-2^Hardcover,"
"2010,ISBN978-0-7869-5499-5"
"2010,ISBN978-0-7869-5499-5^Neverwinter"
"2010,ISBN978-0-7869-5500-8;"
"2010,ISBN978-0-7869-5573-2"
"2010,ISBN978-0-7869-5573-2^Hardcover,"
"2011,ISBN978-0-7869-5741-5"
"2011,ISBN978-0-7869-5741-5vteDungeons"
"2011,ISBN978-0-7869-5802-3;"
"2011,ISBN978-0-7869-5842-9;"
"2011,ISBN978-0-7869-5861-0"
"2011,ISBN978-0-7869-5861-0^Hardcover,"
2011;ISBN978-0-7869-5738-5).
"2012,ISBN978-0-7869-6027-9;"
"2012,ISBN978-0-7869-6223-5;"
2013
"2013,ISBN978-0-7869-6362-1;"
"2013,ISBN978-0-7869-6364-5;"
"2013,ISBN978-0-7869-6371-3;"
"2013,ISBN978-0-7869-6374-4;"
2013.
2013^Legacy
2013^Neverwinter
2013^Paths
2013^The
2014
"2014,ISBN978-0-7869-6511-3"
"2014,ISBN978-0-7869-6511-3^The"
"2014,ISBN978-0-7869-6515-1"
"2014,ISBN978-0-7869-6515-1^The"
2014^Paths
2014^The
"2015,ISBN978-0-7869-6570-0"
"2015,ISBN978-0-7869-6570-0^Homecoming,"
"2015,ISBN978-0-7869-6575-5"
"2015,ISBN978-0-7869-6575-5^Homecoming,"
"2016,ISBN978-0-7869-6591-5"
"2016,ISBN978-0-7869-6591-5^Homecoming,"
"2016,ISBN978-0-7869-6596-0"
"2016,ISBN978-0-7869-6596-0^""Drizzt"
2018-02-12.
2018-02-14
"2019).""Dark"
2019-04-24
2021
"2021"",""Book"
2021-08-03).ISBN9780063029798.
2021-08-03).ISBN9780063029798.{{cite
2021This
2023.[citation
"2025,"
204
21.
23-26
"25,"
25.
26.
27
272
28-30
29.
298.000
2Short
2nd
3
"3,"
"30,"
31-33
34-36
37-39
39
3References
3rd
"4,"
4-6
4.
4.0
40.29%
44.929
455.417
4em}html.skin-theme-clientpref-night
"5,"
5.
51.075
56.225
6.
6.07%
6.91%
61.57%
68
7-10
7.
7.60%
739.650
7em}.mw-parser-output
83.637
9.
93.117
936
978-0-06-328665-8
978-0-7869-3081-4
978-0-7869-3123-1
978-0-7869-3126-2
978-0-7869-3613-7
978-0-7869-3762-2
978-0-7869-3825-4
978-0-7869-3953-4
978-0-7869-3983-1
978-0-7869-3984-8
978-0-7869-4007-3
978-0-7869-4021-9
978-0-7869-4023-3
978-0-7869-4246-6
978-0-7869-4257-2
978-0-7869-4265-7
978-0-7869-4289-3
978-0-7869-4336-4
978-0-7869-4340-1
978-0-7869-4341-8
978-0-7869-4727-0
978-0-7869-4777-5
978-0-7869-4778-2
978-0-7869-4837-6
978-0-7869-4838-3
978-0-7869-4859-8
978-0-7869-4861-1
978-0-7869-4869-7
978-0-7869-4911-3
978-0-7869-4964-9
978-0-7869-4967-0
978-0-7869-5004-1
978-0-7869-5046-1
978-0-7869-5054-6
978-0-7869-5107-9
978-0-7869-5121-5
978-0-7869-5144-4
978-0-7869-5232-8
978-0-7869-5233-5
978-0-7869-5370-7
978-0-7869-5395-0
978-0-7869-5487-2
978-0-7869-5499-5
978-0-7869-5500-8
978-0-7869-5573-2
978-0-7869-5738-5
978-0-7869-5741-5
978-0-7869-5802-3
978-0-7869-5842-9
978-0-7869-5861-0
978-0-7869-6027-9
978-0-7869-6223-5
978-0-7869-6362-1
978-0-7869-6364-5
978-0-7869-6371-3
978-0-7869-6374-4
978-0-7869-6511-3
978-0-7869-6515-1
978-0-7869-6570-0
978-0-7869-6575-5
978-0-7869-6591-5
978-0-7869-6596-0
9780063029798
9780063029873
:
A
A.
AD&D
AD&D2nd
Abeir-Toril
About
Actions
ActionsReadEditView
Adventurers
Adventures
AdventuresAlignmentAttributeDungeon
Aebrynis
AebrynisAbeir-TorilAthasKrynnEberronMystaraOerthUnderdark
Against
Aielle
AielleThe
Al-Qadim
Alias
AliasCatti-brieDrizzt
Alignment
All
All-New
Alliance
Also
Ancient
AncientOtherChronicles
Anthologies
Apostle
ApostleMortalisAscendance
ApostleMortalisAscendanceSaga
Appearance
AppearanceDonateCreate
Appearancemove
April
Arcana
ArcanaHigh-level
Archmage
Archmage;
Archmage;[30]Maestro;[31]Hero[32]
Arms
Arneson
ArnesonKeith
Article
ArticleTalk
ArticleTalkEnglish
ArticleTalkEnglishReadEditView
Articles
Artificer
ArtificerBarbarianBardClericDruidFighterMonkPaladinRangerRogueSorcererWarlockWizardList
Ascendance
Athans
"Athans(paperback,"
Athas
Attribute
Attribution-ShareAlike
August
August2020
August2020.
"August2020.^""The"
August2020.^The
Awakens
AwakensThe
Bahamut
BahamutCorellon
Baker
BakerDavid
BakerRichard
Barbarian
Bard
Barrier
Basic
Basics
BasicsGeneralAdventurers
Battlesystem
Beat.
Beholders
BeholdersCentaurDevilsDragonsGelatinous
Beyond
BeyondvteBibliographybyR.
Bibliography
BibliographybyR.
Birthright
BirthrightCouncil
Blackmoor
BlackmoorSavage
Blade
"Blade,The"
Blade;[13]The
BladeThe
Blades
Book
Books
Borderlands
BorderlandsThe
Boundless
Boundless;[34]
Boxed
By
CS1
Campaign
Campaigns
CampaignsEpic
Categories
Categories:Book
Catti-brie
Caverns
Centaur
Character
Characters
Charon's
Chris
Chronicles
Cite
Classes
ClassesArtificerBarbarianBardClericDruidFighterMonkPaladinRangerRogueSorcererWarlockWizardList
Classic
Claw
Claw;[24]The
ClawThe
Cleric
Coast
Coast.
CoastGrenadier
CoastHollow
Code
Codex
"Codex,"
Codex28-30Night
Collected
Collector's
Combat
Commons
Community
Companies
CompaniesTSRWizards
Companion
Companion's
Companions
Companions[26]
Companions[26]Companions
Complete
Con
ConPopular
Conduct
ConductDevelopersStatisticsCookie
Contact
Contents
Contentsmove
Contribute
ContributeHelpLearn
Contributions
ContributionsTalk
Controversies
Cook
CookEd
CookMonte
Cookie
Core
Corellon
Corona
CoronaThe
Council
Create
Creative
Creators
CreatorsGary
Creatures
Crimson
Crystal
Curious
Current
Cyclopedia
CyclopediaSupplementsArms
D&D
D&D3rd
D&Dv3.5ExpandedandComplete
Dale
Dark
Darkness
Darkness#1;
Darkness#2;
Darkness#3;
"Darkness,"
"Darkness,The"
Darkness11-13The
Darkness;[11]Passage
DarknessDeities
DarknessPassage
DarknessThe
Dave
David
Dawn
Dawn)[42]
Dawn)[42]The
Dawn)[48]
Dawn)[48]The
DawnPaths
Dawn[12]
Dawn[12]Paths
Dead
Death
DeathRokuganSpelljammer
DeathRokuganSpelljammerPlanes
Dec
December
Deeds
DeedsBook
Deities
Demigods
DemigodsDraconomiconFiend
Demon
DemonWars
Demonweb
Desert
Desolation
DesolationDragonlanceExpedition
Developers
Devils
Disclaimers
Do'Urden
"Do'Urden,"
Do'UrdenElminsterVolothamp
Do'Urdenis
Document
DocumentGeography
Donate
DonateCreate
Doom
DoomThe
Download
"Dowry"""
"Dowry""""Comrades"
Draconomicon
Dragon
Dragonborn
DragonbornDwarfElfDrowGnomeHalf-elfHalf-orcsHalflingHumanKenderTieflingTritonWarforged
Dragonlance
DragonlanceGreyhawkRavenloft
Dragons
Dragons(original)
Dragons(original)BasicExpertCompanionMasterImmortalsRules
DragonsBasicsGeneralAdventurers
Dragonsuniverse
Dread
DreadThe
Drizzt
"Drizzt"",""url"":""https:\/\/en.wikipedia.org\/wiki\/The_Legend_of_Drizzt"",""sameAs"":""http:\/\/www.wikidata.org\/entity\/Q4404357"",""mainEntity"":""http:\/\/www.wikidata.org\/entity\/Q4404357"",""author"":{""@type"":""Organization"",""name"":""Contributors"
"Drizzt"",""wgCurRevisionId"":1266964193,""wgRevisionId"":1266964193,""wgArticleId"":8093051,""wgIsArticle"":true,""wgIsRedirect"":false,""wgAction"":""view"",""wgUserName"":null,""wgUserGroups"":[""*""],""wgCategories"":[""CS1"
Drizzt's
Drizzt.[39]It
Drizzt2
DrizztThe
Drizztis
Drow
Drow#1;
Drow#2;
Drow#3;
Drow#4;
"Drow,"
"Drow,Paths"
Drow37-39Starlight
Drow7-10The
Drow;[17]The
DrowThe
Druid
Dungeon
Dungeons
Dwarf
Dwarf;
Dwarf[29]
Dwarf[29]Homecoming31-33Archmage;[30]Maestro;[31]Hero[32]Generations34-36Timeless;[33]Boundless;[34]Relentless[35]The
Eberron
Ed
Edge
Edge;[37]Lolth's
Edit
Edited
"Edition,"
Editions
Eilistraee
Elemental
Elf
ElfDrow
Elminster
Enclave
Enclave.
Enclave;[36]Glacier's
English
Epic
Equipment
Ever
Evil
EvilTomb
Exalted
Exandria
Exile
Expanded
Expedition
Expert
Faerûn
FaerûnAl-QadimKara-Tur
Fantasy
February
Fiend
Fighter
Film
Firestorm
First
Fist​
Fist​EberronExandriaForgotten
Folio
FolioForgotten
Forgotten
"Foundation,"
Four
Frank
From
"Furthermore,"
Game
Gameplay
GameplayAdventuresAlignmentAttributeDungeon
Gary
Gates
Gathering
GatheringplanesRavnicaStrixhavenTheros
GatheringplanesRavnicaStrixhavenTherosMahasarpaMystaraBlackmoorSavage
Gauntlgrym
Gauntlgrym;[22]Neverwinter;[23]Charon's
GauntlgrymNeverwinterCharon's
Geddarm
GeddarmGord
Gelatinous
Gem
Gem)[41]
Gem)[41]The
Gem)[47]
Gem)[47]The
GemThe
Gem[8]
Gem[8]Legacy
Gen
General
GeneralAdventurers
GeneralWhat
Generations
Generations34-36Timeless;[33]Boundless;[34]Relentless[35]
Geography
Get
Ghost
Ghostwalk
Giants
GiantsDead
Glacier's
Gnome
Goblins
Gods
GodsDesert
"Goes"""
"Goes""Furthermore,"
Good
Gord
Greenwood
GreenwoodJeff
Grenadier
Greyhawk
Greyhawkdeities
GreyhawkdeitiesTharizdunVecna
Grubb
GrubbRob
Guide
GuideBattlesystemBook
GuideMonster
Guild
GuildPaizoRal
Gygax
GygaxDave
Half-elf
Half-orcs
Halfling
Halfling's
"Hall"""
"Hall""."
Hand
Handbook
HandbookAD&D2nd
HandbookDungeon
HandbookPsionics
Happened
"Hardcover,"
Harold
Harper.ISBN978-0-06-328665-8.OCLC1341267881.
"Harper.ISBN978-0-06-328665-8.OCLC1341267881.^Salvatore,"
Harper.ISBN9780063029873.
Harper.ISBN9780063029873.^Edited
HarperCollins
He
Heinsoo
HeinsooTracy
Help
HelpLearn
Hero
Hero;
Hickman
HickmanHarold
Hidden
High-Level
High-level
Highwayman
HighwaymanThe
His
Hollow
Homecoming
"Homecoming,"
Homecoming31-33Archmage;[30]Maestro;[31]Hero[32]
Homeland
Homeland;[3]Exile;[4]Sojourn[5]
HomelandExileSojourn
Horrors
HorrorsWhite
Human
Hunter
Hunter's
Hunter;
Hunter;[27]Rise
I
"I(containingHomeland,Exile,"
I-III
"I-III(containingHomeland,Exile,"
II
II(containingThe
III
III(containingThe
ISBN
IV
IV(containingThe
IV-VI
IV-VI(containingThe
Icewind
Iggwilv
Illithid
Immortals
ImmortalsDungeon
In
Inc.
"Inc."",""logo"":{""@type"":""ImageObject"",""url"":""https:\/\/www.wikimedia.org\/static\/images\/wmf-hor-googpub.png""}},""datePublished"":""2006-11-24T00:55:42Z"",""dateModified"":""2025-01-03T00:56:46Z"",""headline"":""novel"
"Inc.,"
Inner
Insider
InsiderD&D
Iron
Isle
It
J.
Jakandor
January
Jason
Jeff
Jim
Johnson
JohnsonRobert
Jon
Jonathan
Judges
July
Jump
June
Kalamar
KalamarMagic:
Kara-Tur
Keep
Keith
Kender
King
King)[45]
King)[45]Portions
"King,"
"King,The"
King;
King;[19]The
King;[20]The
King;[28]Vengeance
KingThe
King[21]
King[21]Neverwinter
Kingdoms
Kobolds
Krynn
Kuntz
KuntzMike
"Lair"""
"Lair""""Bones"
Larethian
LarethianEilistraeeGreyhawkdeitiesTharizdunVecnaMoradinMystraTiamat
LarethianEilistraeeGreyhawkdeitiesTharizdunVecnaMoradinMystraTiamatPublicationsCore
Last
League
LeagueControversiesEditionsGen
Learn
Legacy
"Legacy,Starless"
Legacy;[9]Starless
LegacyStarless
Legend
Level
"Level"""
"Level""""Guenhwyvar""""That"
Libris
License
License;
LicenseGame
LicenseSystem
Licenses
LicensesOpen
Lich
List
Log
Lolth's
Lone
Lord
Lost
Maestro
Maestro;
Magic
Magic:
MagicUnearthed
Mahasarpa
Main
Majere
MajereMinscMordenkainenTenserStrahd
Manual
ManualClassic
March
Margaret
Masque
Master
Master's
MasterGame
Material
May
Mearls
MearlsFrank
Mentzer
MentzerTom
Mike
Mimic
Miniatures
Minsc
"Mirror"""
"Mirror""""The"
Mobile
Models
ModelsJudges
Moldvay
MoldvayChris
Monk
Monster
Monte
Moradin
Mordenkainen
Mortalis
Mortis
MortisManual
Mountain
MountainOnline
My
Mystara
MystaraBlackmoorSavage
Mystra
Navigation
NavigationMain
Nentir
Nerdist
"Nerdist"""
"Nerdist"".Nerdist."
"Nether"""
"Nether""""The"
Neverwinter
Night
"Night,Siege"
Night;[10]Siege
NightSiege
Notable
Notablemodules
NotablemodulesList
"Notch"""
"Notch""""Dark"
Note:The
"Novel"""
"Novel"".www.harpercollins.com."
November
OCLC
October
"Odds"""
"Odds""""If"
Oerth
One:
Online
Open
Option:
Orc
Orcs
"Orcs,The"
Orcs;[16]The
OrcsThe
Other
OtherChronicles
OtherThe
Outer
Owlbear
PDF
PDFPrintable
Page
Pages
Paizo
Paladin
Partha
ParthaStrategic
Passage
Paths
Patriarch
PatriarchNeverwinter
PatriarchThe
Peak
PeakThe
Peaks
PeaksExpedition
Pelinore
Perkins
PerkinsJon
Permanent
Personal
Philip
Pickens
PickensJonathan
Pirate
Pits
PitsThe
PlaneAebrynisAbeir-TorilAthasKrynnEberronMystaraOerthUnderdark
PlaneAebrynisAbeir-TorilAthasKrynnEberronMystaraOerthUnderdarkInner
Planes
PlanesOuter
PlanesPlayer's
PlanesSigil
PlanesSigilCharacters
Planescape
Player's
Plume
Policy
Policy.
Popular
Portions
Powers
PowersPlayer's
Print/export
Print/exportDownload
Printable
Privacy
Promise
Psionics
Publications
PublicationsCore
QR
Queen
Quintet
QuintetCoronaThe
R
R.
R.A.
Races
Raistlin
Ral
Random
Ranger
Ravenloft
RavenloftMasque
Ravnica
RavnicaStrixhavenTheros
Read
ReadEditView
Reads
Reads.
Realms
RealmsFaerûnAl-QadimKara-Tur
RealmsFaerûnAl-QadimKara-TurGhostwalkGreyhawkJakandorKingdoms
Realmssetting
Recent
Red
Reference
References
References[edit]
RegExp('(^|
Related
Relentless
Relentless[35]
Reptilian
Retrieved
Retrieved1
Retrieved2
Retrieved2018-02-14
Retrieved2018-02-14.
"Retrieved2018-02-14.^""Boundless"
"Retrieved2018-02-14.^""R.A."
Retrieved2019-04-24
Retrieved2019-04-24.
"Retrieved2019-04-24.^Salvatore,"
Retro-clones
Returns
Richard
Rise
Road
Rob
Robert
Rogue
RogueIggwilvLord
Rokugan
Ruins
Rules
Saga
Saga#1;
Saga#2;
Saga#3;
Saga#4;
Saga23-26Gauntlgrym;[22]Neverwinter;[23]Charon's
SagaGauntlgrymNeverwinterCharon's
SagaThe
Salvatore
"Salvatore"""
"Salvatore"".www.facebook.com."
"Salvatore""}"
"Salvatore,"
SalvatoreThe
Salvatorethat
Savage
Sea
Search
SearchSearch
SearchSearchAppearanceDonateCreate
Sellswords
Sellswords14-16Servant
SellswordsServant
September
Series
"Series"""
"Series"".Good"
SeriesBooksTitle
SeriesBooksTitleThe
Servant
"Set,"
Setting
SettingLibris
Shadow
ShadowRetrieved
Shard
"Shard,Streams"
Shard;Promise
Shard;[6]Streams
ShardPromise
ShardStreams
Short
Siege
Sigil
Silent
Silver
"Silver,"
Silver;[7]The
SilverThe
Simulations
SimulationsWizKids
SimulationsWizKidsLicensesOpen
Skills
Skip
Slaadi
Sojourn
Sorcerer
Soth
SothRaistlin
Sources
Special
Spelljammer
Spells
Spiders
SpidersRavenloftRed
Spine
Spirit
SpiritThe
Starless
Starlight
Statistics
Steve
"Stones"""
"Stones""""Iruladoon""""To"
Stories:
Strahd
Strategic
Streams
Strixhaven
Sun
SunDragonlanceDragon
Sundering
Sundering#1;
Sundering27The
Supplements
SupplementsArms
"Sword"""
"Sword""""Wickless"
Swords
Swords)[43]
Swords)[43]The
Swords)[44]
Swords)[44]Transitions(containing
Swords)[49]
"Swords)[49]References[edit]^Wilson,"
SwordsThe
SwordsTransitionsThe
Swords[15]
Swords[15]The
Swords[18]
Swords[18]Transitions20-22The
System
TSR
TSRWizards
Tactics
TacticsPlayer's
Talk
"Template:Catalog_lookup_link"","""
"Template:Cite_news"","""
"Template:D\u0026amp;D_topics"","""
"Template:ISBN"","""
"Template:Pagetype""]},""scribunto"":{""limitreport-timeusage"":{""value"":""0.334"",""limit"":""10.000""},""limitreport-memusage"":{""value"":6125380,""limit"":52428800}},""cachereport"":{""origin"":""mw-api-ext.eqiad.main-76b8864d76-qkkll"",""timestamp"":""20250103005649"",""ttl"":2592000,""transientcontent"":false}}});});"
"Template:Reflist"","""
"Template:Short_description"","""
"Template:Yesno"","""
"Template:Yesno-no"","""
Temple
Tenser
Terms
Text
Tharizdun
TharizdunVecna
The
Theros
They
Third
This
Thousand
Three
Three:
Threshold
ThresholdOtherThe
Threshold[25]
Threshold[25]The
Tiamat
Tiefling
Timeless
Timeless;[33]
Timeless;[33]Boundless;[34]Relentless[35]
Title
"Together,"
Toggle
Tom
Tomb
Tools
ToolsToolsmove
Toolsmove
Tracy
Transition
Transition#3;
Transitions
Transitions#1;
Transitions#2;
Transitions(containing
Transitions20-22The
TransitionsThe
Trilogy
Trilogy#1;
Trilogy#2;
Trilogy#3;
Trilogy(containing
"Trilogy,"
"Trilogy,Legacy"
"Trilogy,The"
Trilogy1-3Homeland;[3]Exile;[4]Sojourn[5]
Trilogy1-3Homeland;[3]Exile;[4]Sojourn[5]The
Trilogy17-19The
Trilogy4-6The
TrilogyHomelandExileSojourn
TrilogyHomelandExileSojournLegacy
TrilogyThe
Trilogyhas
Triton
Trolls
Tsojcanth
TsojcanthQueen
Tweet
TweetJim
Two
Two:
URL
URLDownload
Underdark
Undermountain
UndermountainThe
Unearthed
Upload
Upon
Use
UseandPrivacy
VII-X
VII-X(containingThe
Vale​
Vale​PelinorePlanescapeRavenloftMasque
Vampires
Vecna
Vengeance
Venture
View
Vile
Volothamp
Volume
Ward
WardMargaret
Warforged
Warlock
Warrior
Warrior[38]
Warrior[38]Short
Way
Weis
WeisSkip
What
White
Wikidata
"Wikidata"",""All"
WikidataAll
Wikimedia
Wikipedia
"Wikipedia,"
WikipediaCode
WikipediaContact
WikipediaDisclaimersContact
WikipediaJump
Wikipedia®
Williams
WilliamsSteve
"Wilson,"
Winter
WinterCompaniesTSRWizards
Witch-King
Witch-King;Road
Witch-KingRoad
WizKids
Wizard
Wizards
World
"World,"
World;[14]Sea
WorldNentir
WorldSea
Wrath
Wulfgar
Wyrms
WyrmsDark
XI-XIII
XI-XIII(containingThe
XIV-XVI:The
XVII-XIX:The
Ynis
Zarovich
ZarovichWulfgar
ZarovichWulfgarCreatures
[
[10]
[11]
[12]
[13]
[14]
[15]
[16]
[17]
[18]
[19]
[1]
[20]
[21]
[22]
[23]
[24]
[25]
[26]
[27]
[28]
[29]
[2]
[30]
[31]
[32]
[33]
[34]
[35]
[36]
[37]
[38]
[39]
[3]
[40]
[41]
[42]
[43]
[44]
[45]
[46]
[47]
[48]
[49]
[4]
[5]
[6]
[7]
[8]
[9]
[citation
[edit]
]
"]""}.mw-parser-output"
^
"^""Boundless"
"^""Drizzt"
"^""R.A."
"^""The"
^Edited
^Four
"^Hardcover,"
"^Homecoming,"
^Legacy
^Neverwinter
^Paths
"^Salvatore,"
^The
^Three
^Transition#3;
^Transitions#1;
^Transitions#2;
"^Wilson,"
a
"a,.mw-parser-output"
"a,body:not(.skin-timeless):not(.skin-minerva)"
a>abbr{text-decoration:inherit}.mw-parser-output
"a>span,.mw-parser-output"
abandons
abbr{color:var(--color-base)!important}@media(prefers-color-scheme:dark){html.skin-theme-clientpref-os
abbr{color:var(--color-base)!important}}@media
abbr{font-variant:small-caps;border-bottom:none;text-decoration:none;cursor:inherit}.mw-parser-output
abridged
account
accountLog
action-RPG
additional
"adrow,"
against
agree
along
also
alternative
an
and
andPassage
andSojourn)[40]
andSojourn)[40]The
andSojourn)[46]
andSojourn)[46]The
andThe
anthology
apply.
are
art)
article
articleAbout
articles
as
at
audio
auto
available
a{background-size:contain;padding:0
"a{background:url(""//upload.wikimedia.org/wikipedia/commons/4/4c/Wikisource-logo.svg"")right"
"a{background:url(""//upload.wikimedia.org/wikipedia/commons/6/65/Lock-green.svg"")right"
"a{background:url(""//upload.wikimedia.org/wikipedia/commons/a/aa/Lock-red-alt-2.svg"")right"
"a{background:url(""//upload.wikimedia.org/wikipedia/commons/d/d6/Lock-gray-alt-2.svg"")right"
barren
based
because
been
began
beings
beingsRaces
birth
book
"book,"
books
books.
books.The
book}}
book}}:
book}}:|website=ignored
boxed
but
by
byPhilip
byR.
byWizards
categories:CS1
center/12px
center/9px
changes
changesUpload
character
character's
characters
charactersAliasCatti-brieDrizzt
chronological
citation
cite
cite.citation{font-style:inherit;word-wrap:break-word}.mw-parser-output
"className=""client-js"
classes
classesCharacter
classic
code
codePrint/exportDownload
collector's
combines
comes
compilation.Drizzt
considered
consists
content
contentMain
contents
contentsThe
continentFaerûnin
continually
cookie=document.cookie.match(/(?:^|;
cosmology
cosmologyCampaign
courage.
cover
creatures
cube
cubeGiantsGoblinsIllithid
culture
cultureFilm
currently
dare
dark
dd
"dd,.mw-parser-output"
"dd::after,.mw-parser-output"
"dd:first-child::before,.mw-parser-output"
"dd:last-child::after,.mw-parser-output"
deadly
defies
description
"description"",""Short"
descriptionShort
different
dimension
discrimination
disrupt
dl
"dl,.mw-parser-output"
drow
dt
"dt,.mw-parser-output"
"dt::after{content:"":"
"dt:first-child::before,.mw-parser-output"
"dt:last-child::after,.mw-parser-output"
e
edge
edit
editCommunity
edited
edition
edition.
edition:
edition:The
editionD&D3rd
editionD&Dv3.5ExpandedandComplete
editionD&Dv3.5ExpandedandCompleteNotablemodulesList
editorslearn
"elf,"
encyclopedia
encyclopediaSeries
enemies
entire
eponymousDrizzt
errors:
events
eventsRandom
every
evil
existence
existenceMaterial
expanded
faces
fantasy
fight
file
fileSearchSearchAppearanceDonateCreate
fileSpecial
finally
first
flayer)
flayer)LichMimicOwlbearOrcsReptilian
following
follows
for
free
freedom
friends
from
had
hardcover
"hardcover,"
harsh
have
he
heart.
help
here
hereRelated
heritage.
hide
him
his
history
historyGeneralWhat
historyToolsToolsmove
homeland.
homeland.Main
https://en.wikipedia.org/w/index.php?title=The_Legend_of_Drizzt&oldid=1266964193
humanoids
humanoidsKobolds
humanoidsKoboldsSlaadiTrollsVampiresList
ignored
"ignored"",""Articles"
ignoredArticles
img{max-width:none!important}@media
in
inPages
inPersonal
includes
influences
influencesGameplayAdventuresAlignmentAttributeDungeon
information
informationCite
into
introduced
is
item
itemAppearancemove
itemMiniaturesPsionics
itemMiniaturesPsionicsCreatorsGary
journey
justice
kindness
land
languages
languagesעבריתРусскийEdit
last
later
leads
learn
"legacy,"
li
"li::after{content:"""
"li:first-child::before,.mw-parser-output"
"li:first-child::before{content:"""
"li:last-child::after,.mw-parser-output"
"li:last-child::after{content:"")"";font-weight:normal}.mw-parser-output"
li:last-child::after{content:none}.mw-parser-output
life.
limitless
lineages
lineagesDragonbornDwarfElfDrowGnomeHalf-elfHalf-orcsHalflingHumanKenderTieflingTritonWarforged
lineagesDragonbornDwarfElfDrowGnomeHalf-elfHalf-orcsHalflingHumanKenderTieflingTritonWarforgedClassesArtificerBarbarianBardClericDruidFighterMonkPaladinRangerRogueSorcererWarlockWizardList
link
linkPage
links
linksArticleTalkEnglishReadEditView
"list,"
listed
lists
listsDragonlanceGreyhawkRavenloft
listsDragonlanceGreyhawkRavenloftNotable
li{margin:0;display:inline}.mw-parser-output
li{page-break-inside:avoid;break-inside:avoid-column}.mw-parser-output
li{word-spacing:-0.125em}.mw-parser-output
logged
lurk.
main
may
mechanics
mechanicsMagicMagic
menu
menuMain
menumove
monsters
monstersBeholdersCentaurDevilsDragonsGelatinous
monstersDeities
monstersList
more
moreContributionsTalk
moreContributionsTalkContentsmove
most
mostly
move
nation
needed
needed]
needed]They
never
new
newfound
no-repeat}.mw-parser-output
no-repeat}body:not(.skin-timeless):not(.skin-minerva)
non-profit
not
novel
novels
novelsThe
numbered
of
ofAbeir-Torilon
ofEberronmodules
ol
"ol,.mw-parser-output"
"ol>li::before{content:"""
"ol>li:first-child::before,.mw-parser-output"
"ol>li:first-child::before{content:"""
ol>li{counter-increment:listitem}.mw-parser-output
ol{counter-reset:listitem}.mw-parser-output
ol{margin-top:0}.mw-parser-output
on
or
order
organization.
organization.Privacy
original
other
out
owned
page
pageContentsCurrent
pageGet
pages
pagesPermanent
"paperback,"
paperbacks
part
peace
periodical
pg.
pg.^The
planes
policy
policyAbout
portal
portalRecent
portions
portrayed
powers
powersBahamutCorellon
previously
print{.mw-parser-output
print{body.ns-0
products
productsRetro-clonesSources
projects
"projects""},""publisher"":{""@type"":""Organization"",""name"":""Wikimedia"
projectsWikidata
"publication,"
published
"q{quotes:""\""""""\""""""'""""'""}.mw-parser-output"
"race,"
rather
re-issued
re-issues
registered
released
releases
reprinted
rulebooks
rulebooksPlayer's
rules
rulesWrath
screen
screen{.mw-parser-output
series
"series"",""Forgotten"
"series""],""wgPageViewLanguage"":""en"",""wgPageContentLanguage"":""en"",""wgPageContentModel"":""wikitext"",""wgRelevantPageName"":""The_Legend_of_Drizzt"",""wgRelevantArticleId"":8093051,"
"series,"
seriesForgotten
seriesHidden
seriesRelated
seriesThe
set
sets
sets:
sets:The
setsDungeons
settings
settingsBirthrightCouncil
several
short
shortened
sidebar
sidebarhide
sidebarhide(Top)1Main
sidebarhideActionsReadEditView
sidebarhideFrom
sidebarhideNavigationMain
single-book
sinister
"site,"
six
skin-theme-clientpref-day
"slipcase,"
solid
sourcebooks
sourcebooksAgainst
starring
statement
statementMobile
statements
"statements"",""Articles"
statementsArticles
stereotypes
stories
stories3References
stories3ReferencesToggle
stories:
"stories:""The"
stories[edit]
stories[edit]Also
stumbles
such.
such.SeriesBooksTitleThe
surface
swordsmanship
t
table
td
td.hlist
terms
that
the
theAnthologiessection.
theAnthologiessection.^Three
theCreative
theDungeons
theForgotten
theTerms
"theUnderdark,"
theWikimedia
their
they
this
titledThe
titles
titles.
titles2Short
titles[edit]
titles[edit]This
to
tools
toolsD&D
toolsDonateCreate
"tr+tr>.navbox-abovebelow,.mw-parser-output"
"tr+tr>.navbox-group,.mw-parser-output"
"tr+tr>.navbox-image,.mw-parser-output"
tr+tr>.navbox-list{border-top:2px
trademark
tunnels
turn
ul
"ul,.mw-parser-output"
ul{display:inline-block;white-space:nowrap;line-height:inherit}.mw-parser-output
ul{display:inline}.mw-parser-output
ul{margin:0;padding:0}.mw-parser-output
ul{padding:0.125em
under
understand
unmarked
unsourced
until
upon
us
usContributeHelpLearn
using
v
vector-feature-appearance-pinned-clientpref-1
vector-feature-custom-font-size-clientpref-1
vector-feature-language-in-header-enabled
vector-feature-language-in-main-page-header-disabled
vector-feature-limited-width-clientpref-1
vector-feature-limited-width-content-enabled
vector-feature-main-menu-pinned-disabled
vector-feature-night-mode-enabled
vector-feature-page-tools-pinned-disabled
vector-feature-sticky-header-disabled
vector-feature-toc-pinned-clientpref-1
"vector-toc-available"";var"
version
versionIn
view
von
vte
vteBibliographybyR.
vteDungeons
was
way
where
who
with
world
www.facebook.com
www.harpercollins.com
you
"{""@context"":""https:\/\/schema.org"",""@type"":""Article"",""name"":""The"
{{cite
|
"|$)'),'$1'+pref+'$2');});}document.documentElement.className=className;}());RLCONF={""wgBreakFrames"":false,""wgSeparatorTransformTable"":["""",""""],""wgDigitTransformTable"":["""",""""],""wgDefaultDateFormat"":""dmy"","
|website=
|website=ignored
}];});});
·
Русский
עברית
עבריתРусский
עבריתРусскийEdit
