WordList
""";font-weight:bold}.mw-parser-output"
"""Blockbusters"
"""D&D'sUnderdarkDescribes"
"""Great"
"""How"
"""Open"
"""Out"
"""Pyramid"
"""Underdark"""
"""Underground"
"""counter(listitem)""\a0"
"""ext.visualEditor.targetLoader"",""ext.echo.centralauth"",""ext.eventLogging"",""ext.wikimediaEvents"",""ext.navigationTiming"",""ext.uls.interface"",""ext.cx.eventlogging.campaigns"",""ext.cx.uls.quick.actions"",""wikibase.client.vector-2022"",""ext.checkUser.clientHints"",""ext.growthExperiments.SuggestedEditSession""];"
"""https://en.wikipedia.org/w/index.php?title=Underdark&oldid=1269352538"""
"""https://en.wikipedia.org/w/index.php?title=Underdark&oldid=1269352538""Categories:Fictional"
"""one"
"""wgMonthNames"":["""",""January"",""February"",""March"",""April"",""May"",""June"",""July"",""August"",""September"",""October"",""November"",""December""],""wgRequestId"":""54f1dae3-b6d1-4fd4-b8a8-656f979269cc"",""wgCanonicalNamespace"":"""",""wgCanonicalSpecialPageName"":false,""wgNamespaceNumber"":0,""wgPageName"":""Underdark"",""wgTitle"":""Underdark"",""wgCurRevisionId"":1269352538,""wgRevisionId"":1269352538,""wgArticleId"":648755,""wgIsArticle"":true,""wgIsRedirect"":false,""wgAction"":""view"",""wgUserName"":null,""wgUserGroups"":[""*""],""wgCategories"":[""Articles"
"""wgRelevantPageIsProbablyEditable"":true,""wgRestrictionEdit"":[],""wgRestrictionMove"":[],""wgNoticeProject"":""wikipedia"",""wgCiteReferencePreviewsActive"":false,""wgFlaggedRevsParams"":{""tags"":{""status"":{""levels"":1}}},""wgMediaViewerOnClick"":true,""wgMediaViewerEnabledByDefault"":true,""wgPopupsFlags"":0,""wgVisualEditor"":{""pageLanguageCode"":""en"",""pageLanguageDir"":""ltr"",""pageVariantFallbacks"":""en""},""wgMFDisplayWikibaseDescriptions"":{""search"":true,""watchlist"":true,""tagline"":false,""nearby"":true},""wgWMESchemaEditAttemptStepOversample"":false,""wgWMEPageLength"":10000,""wgRelatedArticlesCompat"":[],""wgEditSubmitButtonLabelPublish"":true,""wgULSPosition"":""interlanguage"",""wgULSisCompactLinksEnabled"":false,""wgVector2022LanguageInHeader"":true,""wgULSisLanguageSelectorEmpty"":false,""wgWikibaseItemId"":""Q2324874"",""wgCheckUserClientHintsHeadersJsApi"":[""brands"",""architecture"",""bitness"",""fullVersionList"",""mobile"",""model"",""platform"",""platformVersion""],""GEHomepageSuggestedEditsEnableTopics"":true,""wgGETopicsMatchModeEnabled"":"
"""}"
"""}.mw-parser-output"
#36c;background-color:#fbfbfb;box-sizing:border-box}.mw-parser-output
#9932cc}.mw-parser-output
#a2a9b1;border-left:10px
#a2a9b1;width:100%;clear:both;font-size:88%;text-align:center;padding:1px;margin:1em
#a2a9b1}.mw-parser-output
#b32424;background-color:#fee7e6}.mw-parser-output
#b32424}.mw-parser-output
#f28500}.mw-parser-output
#fc3}.mw-parser-output
#fdfdfd}.mw-parser-output
&
'
"("";font-weight:normal}.mw-parser-output"
"(""counter(listitem)""\a0"
(2000).To
(2003).Underdark.
(2004).Neverwinter
(2008).Demon
(August
(December
"(Dwarvish,"
(February
(Learn
(November
"(RLQ=window.RLQ||[]).push(function(){mw.config.set({""wgHostname"":""mw-web.eqiad.main-76b65bb8fd-f4qbt"",""wgBackendResponseTime"":165,""wgPageParseReport"":{""limitreport"":{""cputime"":""0.413"",""walltime"":""0.561"",""ppvisitednodes"":{""value"":2002,""limit"":1000000},""postexpandincludesize"":{""value"":95953,""limit"":2097152},""templateargumentsize"":{""value"":745,""limit"":2097152},""expansiondepth"":{""value"":11,""limit"":100},""expensivefunctioncount"":{""value"":2,""limit"":500},""unstrip-depth"":{""value"":1,""limit"":20},""unstrip-size"":{""value"":89929,""limit"":5000000},""entityaccesscount"":{""value"":0,""limit"":400},""timingprofile"":[""100.00%"
"(RLQ=window.RLQ||[]).push(function(){mw.loader.impl(function(){return[""user.options@12s5i"",function($,jQuery,require,module){mw.user.tokens.set({""patrolToken"":""+\\"",""watchToken"":""+\\"",""csrfToken"":""+\\""});"
(September
(Top)
(Top)1Use
(UTC)
(function(){var
(mind
(prefers-color-scheme:dark){html.skin-theme-clientpref-os
")'+pref.replace(/-clientpref-\w+$|[^\w-]+/g,'')+'-clientpref-\\w+("
)enwikimwclientpreferences=([^;]+)/);if(cookie){cookie[1].split('%2C').forEach(function(pref){className=className.replace(new
-
"-total"","""
.
.ambox
".ambox+.mw-empty-elt+link+.ambox,.mw-parser-output"
.ambox+.mw-empty-elt+link+link+.ambox{margin-top:-1px}html
".ambox+.mw-empty-elt+link+style+.ambox,.mw-parser-output"
".ambox+link+.ambox,.mw-parser-output"
".ambox+link+link+.ambox,.mw-parser-output"
".ambox+link+style+.ambox,.mw-parser-output"
.ambox-content{border-left:10px
.ambox-delete{border-left:10px
.ambox-move{border-left:10px
.ambox-protection{border-left:10px
.ambox-speedy{border-left:10px
.ambox-style{border-left:10px
.ambox.mbox-small-left{margin:4px
.ambox{border:1px
.ambox{display:none!important}}
.ambox{margin:0
.citation
".citation:target{background-color:rgba(0,127,255,0.133)}.mw-parser-output"
.cs1-code{color:inherit;background:inherit;border:none;padding:inherit}.mw-parser-output
.cs1-format{font-size:95%}html.skin-theme-clientpref-night
".cs1-hidden-error{display:none;color:var(--color-error,#d33)}.mw-parser-output"
.cs1-kern-left{padding-left:0.2em}.mw-parser-output
.cs1-kern-right{padding-right:0.2em}.mw-parser-output
.cs1-maint{color:#18911f}}
.cs1-maint{color:#18911f}}@media
.cs1-maint{display:none;color:#085;margin-left:0.3em}.mw-parser-output
".cs1-visible-error{color:var(--color-error,#d33)}.mw-parser-output"
.cs1-ws-icon
.hlist
.hlist.inline
".hlist.inline,.mw-parser-output"
.id-lock-free
.id-lock-free.id-lock-free
.id-lock-limited
.id-lock-limited.id-lock-limited
.id-lock-registration
.id-lock-registration.id-lock-registration
.id-lock-subscription
.id-lock-subscription.id-lock-subscription
.mbox-empty-cell{border:none;padding:0;width:1px}.mw-parser-output
.mbox-image-div{width:52px}@media(min-width:720px){.mw-parser-output
.mbox-imageright{border:none;padding:2px
.mbox-image{border:none;padding:2px
.mbox-text{border:none;padding:0.25em
.mw-empty-li{display:none}.mw-parser-output
.mw-parser-output
.mw-selflink{font-weight:inherit}@media
.navbar
.navbar-boxtext{word-spacing:0}.mw-parser-output
".navbar-brackets::after{margin-left:-0.125em;content:"""
".navbar-brackets::before{margin-right:-0.125em;content:""["
.navbar-collapse{float:left;text-align:left}.mw-parser-output
.navbar-ct-full{font-size:114%;margin:0
.navbar-ct-mini{font-size:114%;margin:0
.navbar-mini
.navbar{display:block;font-size:100%}.mw-parser-output
.navbar{display:inline;font-size:88%;font-weight:normal}.mw-parser-output
.navbar{display:none!important}}
.navbar{float:left;text-align:left;margin-right:0.5em}body.skin--responsive
.navbox
".navbox+.navbox,.mw-parser-output"
.navbox+.navbox-styles+.navbox{margin-top:-1px}.mw-parser-output
".navbox,.mw-parser-output"
".navbox-abovebelow,.mw-parser-output"
.navbox-abovebelow{background-color:#e6e6ff}.mw-parser-output
.navbox-abovebelow{padding:0.25em
.navbox-even{background-color:#f7f7f7}.mw-parser-output
".navbox-group,.mw-parser-output"
.navbox-group{white-space:nowrap;text-align:right}.mw-parser-output
.navbox-image
".navbox-inner,.mw-parser-output"
.navbox-list-with-group{text-align:left;border-left-width:2px;border-left-style:solid}.mw-parser-output
.navbox-list{line-height:1.5em;border-color:#fdfdfd}.mw-parser-output
.navbox-odd{background-color:transparent}.mw-parser-output
.navbox-subgroup
.navbox-subgroup{background-color:#fdfdfd}.mw-parser-output
.navbox-subgroup{width:100%}.mw-parser-output
.navbox-title
".navbox-title,.mw-parser-output"
.navbox-title{background-color:#ccf}.mw-parser-output
.navbox-title{background-color:#ddf}.mw-parser-output
.navbox{box-sizing:border-box;border:1px
.navbox{display:none!important}}
.navbox{margin-top:0}.mw-parser-output
.references{font-size:100%;margin-bottom:0;list-style-type:inherit}.mw-parser-output
.reflist
.reflist-columns
.reflist-columns-2{column-width:30em}.mw-parser-output
.reflist-columns-3{column-width:25em}.mw-parser-output
.reflist-columns{margin-top:0.3em}.mw-parser-output
.reflist-lower-alpha{list-style-type:lower-alpha}.mw-parser-output
.reflist-lower-greek{list-style-type:lower-greek}.mw-parser-output
.reflist-lower-roman{list-style-type:lower-roman}
.reflist-upper-alpha{list-style-type:upper-alpha}.mw-parser-output
.reflist-upper-roman{list-style-type:upper-roman}.mw-parser-output
.reflist{font-size:90%}}.mw-parser-output
.reflist{margin-bottom:0.5em;list-style-type:decimal}@media
0
0-394-51541-2
0-7440-0341-5
0-7869-0179-9
0-7869-1509-9
0-7869-1743-1
0-7869-1855-1
0-7869-2874-3
0-7869-3053-5
0-88038-272-4
0-935696-07-5
0-935696-60-1
0.1em
0.5em
0.5em;text-align:center}.mw-parser-output
0.5em;width:100%}.mw-parser-output
07:12(UTC).
07:12(UTC).Text
0;overflow:hidden;width:238px;border-collapse:collapse;font-size:88%;line-height:1.25em}.mw-parser-output
0;text-align:center}.mw-parser-output
0}.mw-parser-output
1
1-56076-132-6
1-56076-460-0
1-57356-155-X
10
10%}}@media
12.13%
13.33%
14
14.52%
15.46%
152.523
18.471
18.83%
18.94%
1978
"1978""],""wgPageViewLanguage"":""en"",""wgPageContentLanguage"":""en"",""wgPageContentModel"":""wikitext"",""wgRelevantPageName"":""Underdark"",""wgRelevantArticleId"":648755,""wgIsProbablyEditable"":true,"
1978Hidden
1986
1986).
1991).The
1992).Menzoberranzan.
1999).Drizzt
1Use
1]
1]Food
1em
1em;line-height:1.5em;text-align:center}.mw-parser-output
2
"2,"
2.
2.1
2.1Environment
2.1Environment2.2Araumycos2.3Inhabitants
2.2
2.2Araumycos
2.3
2.3Inhabitants
"2.^Wyatt,"
20.487
"2000).""Blockbusters"
2000.
2002.
2002.External
2006).Player's
"2010).""D&D'sUnderdarkDescribes"
2010-07-16
2012).Menzoberranzan:
2014.
"2015).""Out"
2020
"2020"",""All"
2020)
2020)(Learn
2020All
2021-01-31
"2025,"
"21,"
"21,2012"
"21,2012."
"21,2012.^""How"
23
"24,"
"24,2017"
"24,2017."
"24,2017.^Mona,"
251.ISBN1-57356-155-X.
"251.ISBN1-57356-155-X.^Cappellini,"
"26,"
"29,"
2Features
2FeaturesToggle
2nd
2px
3
3.1
3.1Source
3.2
3.2Game
3.3
3.3Video
"30,"
33.86%
3Media
3MediaToggle
3rd
3take
4
4.0
4.10%
4.55%
450.441
4Notes
4em}html.skin-theme-clientpref-night
4px
5
"5,"
"5,2023"
"5,2023."
"5,2023.Further"
54.626
5References
6
60.032
65.407
69.660
6Further
7
7External
7em}.mw-parser-output
84.829
85.301
978-0-7869-4157-5
978-0-7869-4357-9
978-0-7869-4709-6
978-0-7869-4977-9
978-0-7869-5387-5
978-0-7869-6581-6
9780786960361
A
A.
A.(December
AD&D
AD&D2nd
Abeir-Toril
Aboleths
AbolethsBeholdersDrow(dark
About
Abyss
Abyss.
Abyss:
Actions
ActionsReadEditView
Adam
"Adam;Whitters,"
Adventurers
Adventures
AdventuresAlignmentAttributeDungeon
Aebrynis
AebrynisAbeir-TorilAthasKrynnEberronMystaraOerthUnderdark
Against
Al-Qadim
Alias
AliasCatti-brieDrizzt
Alignment
All
Amn
AmnandBaldur's
An
Andy
Andy(2010).Underdark.D&D4th
Annotated
Appearance
AppearanceDonateCreate
Appearancemove
"Apple,"
Araumycos
Araumycos[edit]
Arcana
ArcanaHigh-level
Archived
Ari
Ari(2007).The
Arms
Arneson
ArnesonKeith
Article
ArticleTalk
ArticleTalkEnglish
ArticleTalkEnglishReadEditView
Articles
Artificer
ArtificerBarbarianBardClericDruidFighterMonkPaladinRangerRogueSorcererWarlockWizardList
Athas
Attribute
Attribution-ShareAlike
"Aurora,"
Bahamut
BahamutCorellon
"Baichtal,"
Baker
"Baker,"
BakerDavid
BakerRichard
Baldur's
"Bambra,"
Barbarian
Bard
Barrier
Basic
Basics
BasicsGeneralAdventurers
Battlesystem
Beacon
Beholders
BeholdersCentaurDevilsDragonsGelatinous
Below:
Beyond
BeyondRetrieved
Birthright
BirthrightCouncil
Blackmoor
BlackmoorSavage
Book
Borderlands
BorderlandsThe
"Box"".White"
"Boyd,"
Brady
Brian
"Bright"""
"Bright"".The"
Bruce
"Burton,"
By
C
"C;Gygax,"
Campaign
Campaign.
Campaigns
CampaignsEpic
"Cappellini,"
Carl
Carl(1995).Night
Categories
Categories:Fictional
Catti-brie
Caverns
Centaur
Character
Characters
Charlie
Chris
Chris.
Christmas
Christopher
"Christopher;Lee,"
"Christopher;Reynolds,"
Cite
City
Classes
ClassesArtificerBarbarianBardClericDruidFighterMonkPaladinRangerRogueSorcererWarlockWizardList
Classic
Cleric
Coast
"Coast,"
Coast.
Coast.ISBN0-7869-1743-1.
"Coast.ISBN0-7869-1743-1.^abcdCordell,"
Coast.ISBN0-7869-1855-1.
"Coast.ISBN0-7869-1855-1.Noonan,"
Coast.ISBN0-7869-2874-3.
"Coast.ISBN0-7869-2874-3.Williams,"
Coast.ISBN0-7869-3053-5.
"Coast.ISBN0-7869-3053-5.Heinsoo,"
"Coast.ISBN0-7869-3053-5.^abBaichtal,"
Coast.ISBN978-0-7869-4157-5.
"Coast.ISBN978-0-7869-4157-5.Sargent,"
Coast.ISBN978-0-7869-4357-9.
"Coast.ISBN978-0-7869-4357-9.Gygax,"
Coast.ISBN978-0-7869-4709-6.
"Coast.ISBN978-0-7869-4709-6.Greenwood,"
Coast.ISBN978-0-7869-4977-9.
"Coast.ISBN978-0-7869-4977-9.Gygax,"
Coast.ISBN978-0-7869-5387-5.
Coast.ISBN978-0-7869-5387-5.[4]
Coast.ISBN978-0-7869-5387-5.[4]Game
Coast.ISBN978-0-7869-6581-6.
Coast.ISBN978-0-7869-6581-6.Sutherland
Coast.ISBN9780786960361.
"Coast.ISBN9780786960361.Cordell,"
"Coast.^ab""Pyramid"
CoastGrenadier
CoastHollow
Code
"Collins,"
Combat
Commons
Community
Companies
CompaniesTSRWizards
Companion
Complete
Con
ConPopular
Conduct
ConductDevelopersStatisticsCookie
Condé
Contact
Contents
Contentsmove
Continued:
Contribute
ContributeHelpLearn
Contributions
ContributionsTalk
Controversies
Cook
CookEd
CookMonte
Cookie
"Cordell,"
Core
Corellon
Council
Create
Creative
Creators
CreatorsGary
Creatures
Current
Cyclopedia
CyclopediaSupplementsArms
D&D
D&D's
D&D3rd
D&Dv3.5ExpandedandComplete
D-series
Dale
Dark
Darkness
DarknessDeities
Dave
David
David;
Dead
Death
DeathRokuganSpelljammer
DeathRokuganSpelljammerPlanes
December
Deeds
DeedsBook
Deep
Deities
Demigods
DemigodsDraconomiconFiend
Demon
Demonweb
Depths
Descent
Desert
Desolation
DesolationDragonlanceExpedition
Developers
Devils
Digital.
Disclaimers
Do'Urden
Do'Urden's
Do'Urden.[3]
Do'Urden.[3]The
Do'UrdenElminsterVolothamp
Document
DocumentGeography
Donate
DonateCreate
Doom
DoomThe
Doug
Douglas
Douglas(1986).Dungeoneer's
"Douglas;Salvatore,"
Download
Draconomicon
Dragon
Dragonborn
DragonbornDwarfElfDrowGnomeHalf-elfHalf-orcsHalflingHumanKenderTieflingTritonWarforged
Dragonlance
DragonlanceGreyhawkRavenloft
Dragons
"Dragons""}"
Dragons(original)
Dragons(original)BasicExpertCompanionMasterImmortalsRules
Dragons-based
DragonsBasicsGeneralAdventurers
DragonsThe
Dragonsrole-playing
Dread
DreadThe
Drizzt
Drizztseries
Drow
Drow(9021
Drow(dark
Druid
Duergar
Duergar(gray
Dungeon
Dungeoneer's
Dungeons
Dwarf
Dwarf(82).Games
Dwarves
Dwarvish
Earth
Earth(9059
Eberron
Eberron.
Ed
Ed(July
"Ed;Lindsay,"
"Ed;Niles,"
Edit
Editions
Edwin;
Eilistraee
Elemental
Elf
ElfDrow
Elminster
Enclave
Enclave.
English
Environment
Environment[edit]
Epic
Equipment
Eric
Erik
"Erik;Holian,"
Escape
Español
Evil
EvilTomb
Exalted
Exandria
Expanded
Expedition
Expert
External
F.
Faerûn
FaerûnAl-QadimKara-Tur
Features
Features[edit]
Fictional
Fiend
Fighter
Film
Find
Firestorm
Fist​
Fist​EberronExandriaForgotten
Flayers)
Flayers)Hook
Folio
FolioForgotten
Fomorian
Forest
Forestbetween
Forgotten
"Foundation,"
Frank
Français
Frederick
Frederick(2000).Living
From
"Fungus"")"
Further
G-series
Game
Gameplay
GameplayAdventuresAlignmentAttributeDungeon
Games
Games.ISBN0-7440-0341-5.
"Games.ISBN0-7440-0341-5.^Jacob,"
Gary
Gary(1978).Descent
Gary(1978).Vault
Gary(1980).Queen
"Gary;Reynolds,"
Gate
Gates
Gathering
GatheringplanesRavnicaStrixhavenTheros
GatheringplanesRavnicaStrixhavenTherosMahasarpaMystaraBlackmoorSavage
Gazetteer
Gazetteer.
Geddarm
GeddarmGord
Gelatinous
Gen
General
GeneralAdventurers
GeneralWhat
Geography
Get
Ghostwalk
Giants
GiantsDead
Gnome
Gnomes)
Gnomes)Troglodyte
Gnomes)TroglodyteThere
Goblins
Gods
GodsDesert
Gord
Greenwood
"Greenwood,"
GreenwoodJeff
Grenadier
Greyhawk
Greyhawk[2]and
Greyhawkdeities
GreyhawkdeitiesTharizdunVecna
Group.
Grubb
GrubbRob
Guide
"Guide,"
Guide.
GuideBattlesystemBook
GuideMonster
Guild
GuildPaizoRal
Gwendolyn
Gygax
"Gygax,"
GygaxDave
Gygaxin
Half-elf
Half-orcs
Halfling
"Hall,"
Hand
Handbook
HandbookAD&D2nd
HandbookDungeon
HandbookPsionics
Harold
Heinsoo
"Heinsoo,"
HeinsooTracy
Help
HelpLearn
Hickman
HickmanHarold
Hidden
High
High-Level
High-level
"Holian,"
Hollow
Hook
Hope
Hordes
Horizon
Horizon.
Horrors
HorrorsWhite
Human
IGN
II
II:
"III,"
IIfeatured
ISBN
Icewind
If
Iggwilv
Illinois.
Illithid
Illithids
Illithids(Mind
Immortals
ImmortalsDungeon
In
Inc.
"Inc."",""logo"":{""@type"":""ImageObject"",""url"":""https:\/\/www.wikimedia.org\/static\/images\/wmf-hor-googpub.png""}},""datePublished"":""2004-05-11T21:09:27Z"",""dateModified"":""2025-01-14T07:12:51Z"",""headline"":""fictional"
"Inc.,"
Inc.ISBN0-394-51541-2.
"Inc.ISBN0-394-51541-2.Cordell,"
Inc.ISBN0-7869-0179-9.
"Inc.ISBN0-7869-0179-9.Perkins,"
Inc.ISBN0-7869-1509-9.
"Inc.ISBN0-7869-1509-9.Greenwood,"
Inc.ISBN0-88038-272-4.
"Inc.ISBN0-88038-272-4.Wyatt,"
Inc.ISBN0-935696-07-5.
Inc.ISBN0-935696-07-5.Video
Inc.ISBN0-935696-60-1.
"Inc.ISBN0-935696-60-1.Boyd,"
Inc.ISBN1-56076-132-6.
"Inc.ISBN1-56076-132-6.Niles,"
Inc.ISBN1-56076-460-0.
"Inc.ISBN1-56076-460-0.James,"
Information
Inhabitants
Inhabitants[edit]
Inner
Insider
InsiderD&D
Intrigue
Intrigue.
Isle
It
Italiano
J.
JSTOR
"Jacob,"
Jakandor
James
James(2002).City
James(2007).Lost
"James,"
"James;Baker,"
January
Jeff
Jim
Jim(October
John
Johnson
"Johnson,"
JohnsonRobert
Jon
Jonathan
Judges
Jump
June
K.
K.(2007).Expedition
"K.;Weining,"
Kalamar
KalamarMagic:
Kara-Tur
Kathleen;
Keep
Keith
"Keith;Johnson,"
Kender
"Kern,"
"Kestrel,"
Khyber
Kingdoms
Kobolds
Krynn
Kuntz
KuntzMike
Kuo-toa
Kurt;
L.
L.(November
"L.;Greenwood,"
Larethian
LarethianEilistraeeGreyhawkdeitiesTharizdunVecnaMoradinMystraTiamat
LarethianEilistraeeGreyhawkdeitiesTharizdunVecnaMoradinMystraTiamatPublicationsCore
League
LeagueControversiesEditionsGen
Learn
"Lee,"
Legend
Level
Libris
License
License;
LicenseGame
LicenseSystem
Licenses
LicensesOpen
Lich
"Lindsay,"
List
Lith
Living
Log
Lord
Lost
Luke
Luke(January
"Lummis,"
M.;
Magic
Magic:
MagicUnearthed
Mahasarpa
Main
Majere
MajereMinscMordenkainenTenserStrahd
Make
Manual
ManualClassic
Margaret
"Marmell,"
Masque
Master
Master's
MasterGame
Material
Matt
Mearls
MearlsFrank
Media
Media[edit]
"Menge,"
Mentzer
MentzerTom
Menzoberranzan
Menzoberranzan:
Merle;
Michael;
Mike
Mimic
Miniatures
Minsc
Mobile
Models
ModelsJudges
Moldvay
MoldvayChris
"Mona,"
Monk
Monster
Monte
Moradin
Mordenkainen
Mortis
MortisManual
Mountain
MountainOnline
"My'athar,"
Myconids
Myconids(Fungus-men)
Mystara
MystaraBlackmoorSavage
Mystra
Nast
Navigation
NavigationMain
Nentir
Neverwinter
News
News.
Night
Nights
Nights:
NightscalledHordes
Nightsgame
Niles
"Niles,"
Niles.[5]It
"Noonan,"
Notable
Notablemodules
NotablemodulesList
Notes
Notes[edit]
November
Oerth
Official
Online
Open
Option:
Orcs
Out
Outer
Owlbear
PDF
PDFPrintable
Page
Pages
Paizo
Paladin
Partha
ParthaStrategic
Parts
Peak
PeakThe
Peaks
PeaksExpedition
Pech
Pelinore
Perilous
Perkins
"Perkins,"
PerkinsJon
Permanent
Personal
Pickens
PickensJonathan
Pits
Pits.
PitsThe
PlaneAebrynisAbeir-TorilAthasKrynnEberronMystaraOerthUnderdark
PlaneAebrynisAbeir-TorilAthasKrynnEberronMystaraOerthUnderdarkInner
Planes
PlanesOuter
PlanesPlayer's
PlanesSigil
PlanesSigilCharacters
Planescape
Player's
Please
"Pleet,"
Plume
Policy
Policy.
Polski
Polygon
Popular
Powers
PowersPlayer's
"Pramas,"
Print/export
Print/exportDownload
Printable
Privacy
Psionic
Psionics
Publications
PublicationsCore
Publishing
Pyramid
QR
Queen
Queen's
Queen.
"Quick,"
R.
R.;
"R.;Marmell,"
R.A.
Races
Raistlin
Ral
Random
Ranger
Ravenloft
RavenloftMasque
Ravnica
RavnicaStrixhavenTheros
Read
ReadEditView
"Realm"""
"Realm"".Wired."
Realms
"Realms"".[7]Much"
Realms.[3]The
RealmsFaerûnAl-QadimKara-Tur
RealmsFaerûnAl-QadimKara-TurGhostwalkGreyhawkJakandorKingdoms
"Realmssetting,"
RealmsvteDungeons
Realmswebsite
RealmswebsitePsionic
Recent
Red
Reference
References
References[edit]
RegExp('(^|
Related
"Renton,"
Reptilian
Retrieved
Retrieved2010-07-16
Retrieved2010-07-16.
"Retrieved2010-07-16.^abBambra,"
Retrieved2021-01-31
Retrieved2021-01-31.
"Retrieved2021-01-31.^Lummis,"
RetrievedJune
RetrievedNovember
Retro-clones
Review:
"Reynolds,"
Richard
Richard(2015).Out
"Ricketts,"
Rob
"Rob;Collins,"
Robert
Rogue
RogueIggwilvLord
Rokugan
Ruins
Rules
Salvatore
Salvatore's
"Salvatore,"
Salvatore.
Salvatorecreated
"Sargent,"
Savage
"Scenarios"".Dragon#294."
Sean
Search
SearchSearch
SearchSearchAppearanceDonateCreate
Seer.[8]
Seer.[8]Features[edit]The
Sequels
Sequels.
Setting
SettingLibris
Shadows
Short
Sigil
"Sims,"
Simulations
SimulationsWizKids
SimulationsWizKidsLicensesOpen
Sinister
Skills
Skip
Skip(2001).Deep
Slaadi
Sorcerer
Soth
SothRaistlin
Source
Sources
Special
Spelljammer
Spells
Spider
Spiders
SpidersRavenloftRed
Spire
Spire.
Statistics
Steve
Strahd
Strategic
Strategy
Strixhaven
Sun
SunDragonlanceDragon
Supplements
SupplementsArms
Survival
Sutherland
Svirfneblin
Svirfneblin(Deep
System
TSR
"TSR,"
TSRWizards
Tactics
TacticsPlayer's
Talk
"Template:Ambox"","""
"Template:Cite_book"","""
"Template:D\u0026amp;D_topics"","""
"Template:Main_other"","""
"Template:Notability"","""
"Template:Pagetype"","""
"Template:Reflist"","""
"Template:SDcat""]},""scribunto"":{""limitreport-timeusage"":{""value"":""0.270"",""limit"":""10.000""},""limitreport-memusage"":{""value"":6204535,""limit"":52428800}},""cachereport"":{""origin"":""mw-api-ext.eqiad.main-6cb5864b65-9mmjh"",""timestamp"":""20250114071254"",""ttl"":2592000,""transientcontent"":false}}});});"
"Template:Short_description"","""
Temple
Tenser
Terms
Text
Tharizdun
TharizdunVecna
The
TheUnderdarkis
There
Theros
These
This
Tiamat
Tiefling
Tiles
Tiles.
To
Toggle
Tom
Tomb
Tools
ToolsToolsmove
Toolsmove
Tracy
Travel
Triton
Troglodyte
Trolls
Tsojcanth
TsojcanthQueen
Tweet
TweetJim
Türkçe
URL
URLDownload
Underdark
"Underdark"""
"Underdark"".IGN."
"Underdark"".Polygon."
"Underdark"".Pyramid."
Underdark's
"Underdark,"
"Underdark,[10][11]andIcewind"
Underdark.
Underdark.Notes[edit]^This
"Underdark.TSR,"
Underdark:
Underdarkexpansion
Undermountain
Undermountain.
UndermountainThe
Unearthed
Upload
Upper
Use
UseandPrivacy
Vale​
Vale​PelinorePlanescapeRavenloftMasque
Vampires
Vast
Vault
Vecna
Video
View
Vile
Volothamp
WA:
Ward
WardMargaret
Warforged
Warlock
"Weining,"
Weis
WeisSkip
What
White
"Whitters,"
Wikidata
"Wikidata"",""Articles"
WikidataArticles
Wikimedia
Wikipedia
Wikipedia'sgeneral
"Wikipedia,"
WikipediaCode
WikipediaContact
WikipediaDisclaimersContact
WikipediaJump
Wikipedia®
Williams
"Williams,"
WilliamsSteve
Winter
WinterCompaniesTSRWizards
Wired
Within
WizKids
Wizard
Wizards
Workshop
Workshop:
World
WorldNentir
Wrath
Wulfgar
"Wyatt,"
Wyrms
WyrmsDark
Zarovich
ZarovichWulfgar
ZarovichWulfgarCreatures
[
[10]
[11]
[1]
[2]
[3]
[4]
[5]
[6]
[7]
[8]
[9]
[edit]
[note
\u0026
]
"]""}.mw-parser-output"
^
"^""How"
"^Cappellini,"
"^Hall,"
"^Jacob,"
"^Lummis,"
"^Mona,"
^This
"^Wyatt,"
^ab
"^ab""Pyramid"
"^abBaichtal,"
"^abBambra,"
^abcd
"^abcdCordell,"
a
"a,.mw-parser-output"
"a,body:not(.skin-timeless):not(.skin-minerva)"
a>abbr{text-decoration:inherit}.mw-parser-output
"a>span,.mw-parser-output"
abbr{color:var(--color-base)!important}@media(prefers-color-scheme:dark){html.skin-theme-clientpref-os
abbr{color:var(--color-base)!important}}@media
abbr{font-variant:small-caps;border-bottom:none;text-decoration:none;cursor:inherit}.mw-parser-output
aboleths.[5]It
about
accessories
account
accountLog
"addition,potablewater"
additional
adventures
adventures3.3Video
adventures[edit]
"adventures[edit]Wyatt,"
age
agree
air
also
alternative
an
and
andDungeons
anunderworldfor
appeared
apply.
are
areindependentof
"armor,"
article
articleAbout
articlemay
articles
as
"asdrow,mind"
associated
at
attack
attention
auto
available
a{background-size:contain;padding:0
"a{background:url(""//upload.wikimedia.org/wikipedia/commons/4/4c/Wikisource-logo.svg"")right"
"a{background:url(""//upload.wikimedia.org/wikipedia/commons/6/65/Lock-green.svg"")right"
"a{background:url(""//upload.wikimedia.org/wikipedia/commons/a/aa/Lock-red-alt-2.svg"")right"
"a{background:url(""//upload.wikimedia.org/wikipedia/commons/d/d6/Lock-gray-alt-2.svg"")right"
b
based
be
beings
beingsRaces
"bemerged,redirected,"
beneath
beyond
blocked
body.mediawiki
books
"books,"
books3.2Game
books[edit]
"books[edit]Boyd,"
boxed
by
byDoug
byGary
byR.
c
called
came
campaign
campaigns
can
cannot
categories:Articles
caverns
"caverns,"
"caverns:claustrophobia,"
caves
center/12px
center/9px
changes
changesUpload
characterDrizzt
characteristics
characters
charactersAliasCatti-brieDrizzt
"circulation,"
cite.citation{font-style:inherit;word-wrap:break-word}.mw-parser-output
citingreliable
city
city-state
"className=""client-js"
classes
classesCharacter
claustrophobia
code
codePrint/exportDownload
collapses
complexes.[7]
complexes.[7]Environment[edit]The
computer
concept
conditions
consists
content
contentMain
contents
contentsUnderdark10
context
continent
continents
cookie=document.cookie.match(/(?:^|;
cosmology
cosmologyCampaign
coverage
created
creatures
creatures.
cube
cubeGiantsGoblinsIllithid
culture
cultureFilm
d
damage
"dangerous,"
dangers
darkvision
dd
"dd,.mw-parser-output"
"dd::after,.mw-parser-output"
"dd:first-child::before,.mw-parser-output"
"dd:last-child::after,.mw-parser-output"
deals
deep
deleted
demons
demonstrate
described
description
"description"",""Short"
descriptionShort
detail
developeddarkvision.[note
developedsensesother
different
difficult
dl
"dl,.mw-parser-output"
driven
drow
dt
"dt,.mw-parser-output"
"dt::after{content:"":"
"dt:first-child::before,.mw-parser-output"
"dt:last-child::after,.mw-parser-output"
dungeon
dungeons
dwarves)
dwarves)DwarvesFomorianIllithids(Mind
"dwellers,"
e
each
economy
ed.).
edit
editCommunity
edited
edition
editionD&D3rd
editionD&Dv3.5ExpandedandComplete
editionD&Dv3.5ExpandedandCompleteNotablemodulesList
editorslearn
either
elements
elves)
elves)Duergar(gray
encyclopedia
encyclopediaFictional
end
energy
energy.
enormous
enormousfungalgrowth
entire
especially
ethical
events
eventsRandom
evil
except
existence
existenceMaterial
exotic
expansion
extends
extremely
facets
faerzress
"false,""wgGEStructuredTaskRejectionReasonTextInputEnabled"":false,""wgGELevelingUpEnabledForUser"":false};RLSTATE={""ext.globalCssJs.user.styles"":""ready"",""site.styles"":""ready"",""user.styles"":""ready"",""ext.globalCssJs.user"":""ready"",""user"":""ready"",""user.options"":""loading"",""ext.cite.styles"":""ready"",""skins.vector.search.codex.styles"":""ready"",""skins.vector.styles"":""ready"",""skins.vector.icons"":""ready"",""jquery.makeCollapsible.styles"":""ready"",""ext.wikimediamessages.styles"":""ready"",""ext.visualEditor.desktopArticleTarget.noscript"":""ready"",""ext.uls.interlanguage"":""ready"",""wikibase.client.init"":""ready"",""ext.wikimediaBadges"":""ready""};RLPAGEMODULES=[""ext.cite.ux-enhancements"",""site"",""mediawiki.page.ready"",""jquery.makeCollapsible"",""mediawiki.toc"",""skins.vector.js"",""ext.centralNotice.geoIP"",""ext.centralNotice.startUp"",""ext.gadget.ReferenceTooltips"",""ext.gadget.switcher"",""ext.urlShortener.toolbar"",""ext.centralauth.centralautologin"",""mmv.bootstrap"",""ext.popups"",""ext.visualEditor.desktopArticleTarget.init"","
fantasy
far
featured
fiction
fictional
file
fileSearchSearchAppearanceDonateCreate
fileSpecial
"find,"
first
flayer)
flayer)LichMimicOwlbearOrcsReptilian
flayers
"flayers,"
floor/ceiling
for
forPyramidrefers
form
forming
free
from
fromthe
fungal
fungus
game
"game,"
gameNeverwinter
games
games4Notes5References6Further
games[edit]
games[edit]Parts
general
getting
goes
"goods,"
government
guideline
guideline.Please
hard
has
have
help
here
hereRelated
hide
highly
his
history
historyGeneralWhat
historyToolsToolsmove
home
horrors
horrorsKuo-toaMyconids(Fungus-men)PechSvirfneblin(Deep
hostile.
houses
how
https://en.wikipedia.org/w/index.php?title=Underdark&oldid=1269352538
humanoids
humanoidsKobolds
humanoidsKoboldsSlaadiTrollsVampiresList
img{max-width:none!important}@media
immense
immune
in
inDungeons
inPages
inPersonal
include:
include:AbolethsBeholdersDrow(dark
including
independent
indigenous
individual
influences
influencesGameplayAdventuresAlignmentAttributeDungeon
information
informationCite
infravision
inhabitants
inhabited
"interconnectedcavernsandtunnels,"
interferes
into
introduced
intruders
is
it
item
itemAppearancemove
itemMiniaturesPsionics
itemMiniaturesPsionicsCreatorsGary
journeys
known
languages
languagesČeštinaEspañolFrançaisItaliano日本語PolskiРусскийTürkçeУкраїнська中文Edit
large
last
learn
li
"li::after{content:"""
"li:first-child::before,.mw-parser-output"
"li:first-child::before{content:"""
"li:last-child::after,.mw-parser-output"
"li:last-child::after{content:"")"";font-weight:normal}.mw-parser-output"
li:last-child::after{content:none}.mw-parser-output
life
light
likely
lineages
lineagesDragonbornDwarfElfDrowGnomeHalf-elfHalf-orcsHalflingHumanKenderTieflingTritonWarforged
lineagesDragonbornDwarfElfDrowGnomeHalf-elfHalf-orcsHalflingHumanKenderTieflingTritonWarforgedClassesArtificerBarbarianBardClericDruidFighterMonkPaladinRangerRogueSorcererWarlockWizardList
link
linkPage
links
linksArticleTalkEnglishReadEditView
linksToggle
links[edit]
links[edit]Information
lists
listsDragonlanceGreyhawkRavenloft
listsDragonlanceGreyhawkRavenloftNotable
literally
literary
living
li{margin:0;display:inline}.mw-parser-output
li{page-break-inside:avoid;break-inside:avoid-column}.mw-parser-output
li{word-spacing:-0.125em}.mw-parser-output
locate.
locate.In
location
locations
"locations"",""Fictional"
locationsFictional
logged
lost.
lost.There
magic
"magic,"
magical
manifestations
manualDungeoneer's
many
"manypredators,"
may
meaning
mechanics
mechanicsMagicMagic
meet
mention.
menu
menuMain
menumove
mere
merged
message
message)
message)TheUnderdarkis
miles
mind
modules
modules[4]and
monsters
"monsters,"
monstersBeholdersCentaurDevilsDragonsGelatinous
monstersDeities
monstersList
more
moreContributionsTalk
moreContributionsTalkContentsmove
most
move
much
mysterious
native
naturalvegetationispoisonous.
neutral.
neutral.In
news
newspapers
next
no
no-repeat}.mw-parser-output
no-repeat}body:not(.skin-timeless):not(.skin-minerva)
non-native
non-profit
not
notability
"notability"",""Fictional"
notabilityThis
notablyEscape
novels
occasional
of
ofBaldur's
ofD&D's
ofEberronmodules
ofFaerûn.
ofdemons.[6]
ofdemons.[6]A
officialForgotten
ol
"ol,.mw-parser-output"
"ol>li::before{content:"""
"ol>li:first-child::before,.mw-parser-output"
"ol>li:first-child::before{content:"""
ol>li{counter-increment:listitem}.mw-parser-output
ol{counter-reset:listitem}.mw-parser-output
ol{margin-top:0}.mw-parser-output
on
one
oozes
or
ordeleted.Find
organism
organization.
organization.Privacy
original
originalon
other
out
p.
pack
page
pageContentsCurrent
pageGet
pages
pagesPermanent
part
passages
patches
permeated
persistent
phosphorescentfungus;
physical
place
planes
planet
plant
"poison,"
poisonous
policy
policyAbout
poor
port
portal
portalRecent
potable
powers
powersBahamutCorellon
predators
primarily
print{.mw-parser-output
print{body.ns-0
products
productsRetro-clonesSources
projects
"projects""},""publisher"":{""@type"":""Organization"",""name"":""Wikimedia"
projectsWikidata
prominently
provide
psionic
quickly.[3]
quickly.[3]Inhabitants[edit]The
"q{quotes:""\""""""\""""""'""""'""}.mw-parser-output"
races
reading
reading7External
reading[edit]
"reading[edit]Pramas,"
real-world
realm
"realms"".[1]"
"realms"".[1]Use"
redirected
regenerates
region
registered
released
reliable
remove
resemble
resistant
review
rule.
rulebooks
rulebooksPlayer's
rules
rules.
"rules.References[edit]^Hall,"
rulesWrath
scholar
screen
screen{.mw-parser-output
scrying
secondary
senses
series
"series,"
seriesRelated
sets
setsDungeons
setting
"setting,"
"setting,R.A."
settings
settings.Polygoncalled
settings2FeaturesToggle
settingsBirthrightCouncil
settingsWorld
settings[edit]
settings[edit]The
several
short
shortened
"shown,"
sidebar
sidebarhide
sidebarhide(Top)1Use
sidebarhideActionsReadEditView
sidebarhideFrom
sidebarhideNavigationMain
sight
significant
since
single
"site,"
size
size.
skin-theme-clientpref-day
"slaves,"
slimes.[3]
slimes.[3]Araumycos
solid
sometimes
source
sourcebooks
sourcebooksAgainst
sources
sources:
"sources:""Underdark""–news·newspapers·books·scholar·JSTOR"
"sources:""Underdark""–news·newspapers·books·scholar·JSTOR(December"
sourcesthat
spanned
spells.
spells.Araumycos[edit]In
"spores,"
statement
statementMobile
stemmed
stretching
subsection
subsection2.1Environment2.2Araumycos2.3Inhabitants
subsection2.1Environment2.2Araumycos2.3Inhabitants3MediaToggle
subsection3.1Source
subterranea
"subterranea"",""Dungeons"
subterraneaDungeons
subterranean
such
supplement.
surface
"surface,"
t
table
td
td.hlist
teleportation
tends
terms
thansightor
that
the
theCreative
theEberroncampaign
theForgotten
theG-series.
theHigh
theHordes
theLegend
theNeverwinter
theTerms
theUnderdarksetting
theWikimedia
thecampaign
thedrowUnderdarkcityMenzoberranzan.[9]
thedrowUnderdarkcityMenzoberranzan.[9]Media[edit]Source
"thedrowcallfaerzress,"
this
three
through
tilesets
timber
titledNeverwinter
to
tools
toolsD&D
toolsDonateCreate
topic
topics
toward
"tr+tr>.navbox-abovebelow,.mw-parser-output"
"tr+tr>.navbox-group,.mw-parser-output"
"tr+tr>.navbox-image,.mw-parser-output"
tr+tr>.navbox-list{border-top:2px
trademark
trivial
tunnels
types
ul
"ul,.mw-parser-output"
ul{display:inline-block;white-space:nowrap;line-height:inherit}.mw-parser-output
ul{display:inline}.mw-parser-output
ul{margin:0;padding:0}.mw-parser-output
ul{padding:0.125em
unclear
under
underground
"underground,"
underworld
unified
upon
us
usContributeHelpLearn
used
using
usual
v
vastsubterraneannetwork
vector-feature-appearance-pinned-clientpref-1
vector-feature-custom-font-size-clientpref-1
vector-feature-language-in-header-enabled
vector-feature-language-in-main-page-header-disabled
vector-feature-limited-width-clientpref-1
vector-feature-limited-width-content-enabled
vector-feature-main-menu-pinned-disabled
vector-feature-night-mode-enabled
vector-feature-page-tools-pinned-disabled
vector-feature-sticky-header-disabled
vector-feature-toc-pinned-clientpref-1
"vector-toc-available"";var"
vegetation
version
versionIn
view
von
vte
vteDungeons
was
wasinfravisionbefore
weapons.
well
well-known
were
when
which
will
with
within
"worlds,"
you
"{""@context"":""https:\/\/schema.org"",""@type"":""Article"",""name"":""Underdark"",""url"":""https:\/\/en.wikipedia.org\/wiki\/Underdark"",""sameAs"":""http:\/\/www.wikidata.org\/entity\/Q2324874"",""mainEntity"":""http:\/\/www.wikidata.org\/entity\/Q2324874"",""author"":{""@type"":""Organization"",""name"":""Contributors"
"|$)'),'$1'+pref+'$2');});}document.documentElement.className=className;}());RLCONF={""wgBreakFrames"":false,""wgSeparatorTransformTable"":["""",""""],""wgDigitTransformTable"":["""",""""],""wgDefaultDateFormat"":""dmy"","
}];});});
·
Čeština
ČeštinaEspañolFrançaisItaliano日本語PolskiРусскийTürkçeУкраїнська中文
ČeštinaEspañolFrançaisItaliano日本語PolskiРусскийTürkçeУкраїнська中文Edit
Русский
Українська
中文
日本語
